"","Purchase","storeID","ListPriceFN","ListPriceMM","DiscFN","DiscMM","FinalPriceFN","FinalPriceMM","ListPriceDiffMM","SalePriceDiffMM","PctDiscFN","PctDiscMM"
"1","FN",3,2.71,2.77,0.1,0,2.61,2.77,0.0600000000000001,0.16,3.69,0
"2","MM",6,2.69,3.73,0.2,0.2,2.49,3.53,1.04,1.04,7.43,5.36
"3","FN",2,2.69,2.99,0.1,0.1,2.59,2.89,0.3,0.3,3.72,3.34
"4","MM",9,3.17,3.31,0.2,0.1,2.97,3.21,0.14,0.24,6.31,3.02
"5","MM",9,3.14,2.74,0.1,0,3.04,2.74,-0.4,-0.3,3.18,0
"6","FN",5,3.3,3.36,0,0,3.3,3.36,0.0600000000000001,0.0600000000000001,0,0
"7","FN",8,3.08,3.46,0.2,0.1,2.88,3.36,0.38,0.48,6.49,2.89
"8","MM",4,2.57,3.14,0,0.1,2.57,3.04,0.57,0.47,0,3.18
"9","MM",2,2.51,3.63,0.1,0.2,2.41,3.43,1.12,1.02,3.98,5.51
"10","FN",5,2.79,3.58,0.2,0.1,2.59,3.48,0.79,0.89,7.17,2.79
"11","MM",5,3.61,3.78,0.1,0.1,3.51,3.68,0.17,0.17,2.77,2.65
"12","FN",4,2.85,3.37,0.2,0.2,2.65,3.17,0.52,0.52,7.02,5.93
"13","MM",3,3.28,3.34,0,0.1,3.28,3.24,0.0600000000000001,-0.04,0,2.99
"14","MM",6,3.29,2.56,0.1,0.2,3.19,2.36,-0.73,-0.83,3.04,7.81
"15","FN",1,3.79,2.75,0.1,0.2,3.69,2.55,-1.04,-1.14,2.64,7.27
"16","MM",8,2.75,2.54,0.2,0.2,2.55,2.34,-0.21,-0.21,7.27,7.87
"17","FN",6,3.48,3.6,0.2,0,3.28,3.6,0.12,0.32,5.75,0
"18","FN",7,2.82,3.05,0.1,0.1,2.72,2.95,0.23,0.23,3.55,3.28
"19","FN",5,2.93,3.56,0.1,0.2,2.83,3.36,0.63,0.53,3.41,5.62
"20","MM",4,2.5,2.7,0.1,0.1,2.4,2.6,0.2,0.2,4,3.7
"21","MM",5,3.8,3.03,0,0.2,3.8,2.83,-0.77,-0.97,0,6.6
"22","MM",8,3.07,3.44,0.2,0.2,2.87,3.24,0.37,0.37,6.51,5.81
"23","MM",6,3.8,2.58,0.1,0.1,3.7,2.48,-1.22,-1.22,2.63,3.88
"24","MM",5,2.76,2.93,0.1,0.1,2.66,2.83,0.17,0.17,3.62,3.41
"25","MM",8,2.64,3.51,0.1,0.1,2.54,3.41,0.87,0.87,3.79,2.85
"26","MM",4,2.83,3.59,0.2,0.1,2.63,3.49,0.76,0.86,7.07,2.79
"27","FN",6,3.38,3.63,0.2,0.1,3.18,3.53,0.25,0.35,5.92,2.75
"28","MM",5,3.25,3.74,0.1,0.2,3.15,3.54,0.49,0.39,3.08,5.35
"29","FN",3,3.04,3,0.1,0.1,2.94,2.9,-0.04,-0.04,3.29,3.33
"30","FN",6,3.45,3.74,0.1,0.2,3.35,3.54,0.29,0.19,2.9,5.35
"31","MM",3,3.25,3.42,0.2,0.1,3.05,3.32,0.17,0.27,6.15,2.92
"32","MM",6,3.25,3.05,0.1,0.1,3.15,2.95,-0.2,-0.2,3.08,3.28
"33","MM",5,3.27,3.01,0,0.1,3.27,2.91,-0.26,-0.36,0,3.32
"34","MM",2,2.79,2.77,0.1,0,2.69,2.77,-0.02,0.0800000000000001,3.58,0
"35","FN",7,2.63,3.48,0.1,0,2.53,3.48,0.85,0.95,3.8,0
"36","FN",6,3.46,3.08,0.2,0.2,3.26,2.88,-0.38,-0.38,5.78,6.49
"37","MM",2,3.3,3.09,0,0.2,3.3,2.89,-0.21,-0.41,0,6.47
"38","FN",6,3.74,2.61,0.2,0,3.54,2.61,-1.13,-0.93,5.35,0
"39","FN",5,3.75,2.97,0.2,0.2,3.55,2.77,-0.78,-0.78,5.33,6.73
"40","FN",5,3.47,3.66,0.1,0.2,3.37,3.46,0.19,0.0899999999999999,2.88,5.46
"41","FN",8,3.07,3.21,0.1,0.2,2.97,3.01,0.14,0.04,3.26,6.23
"42","FN",7,2.73,2.54,0.1,0,2.63,2.54,-0.19,-0.0899999999999999,3.66,0
"43","FN",5,3.07,3,0.2,0.2,2.87,2.8,-0.0699999999999998,-0.0699999999999998,6.51,6.67
"44","FN",6,3.49,2.65,0.1,0.2,3.39,2.45,-0.84,-0.94,2.87,7.55
"45","FN",3,3.69,2.86,0.2,0.1,3.49,2.76,-0.83,-0.73,5.42,3.5
"46","FN",2,3.68,3.44,0,0.2,3.68,3.24,-0.24,-0.44,0,5.81
"47","FN",5,3.56,2.99,0.1,0.2,3.46,2.79,-0.57,-0.67,2.81,6.69
"48","FN",1,2.76,3.32,0,0.1,2.76,3.22,0.56,0.46,0,3.01
"49","FN",9,2.56,3.15,0.1,0,2.46,3.15,0.59,0.69,3.91,0
"50","MM",10,3.12,3.55,0.2,0.2,2.92,3.35,0.43,0.43,6.41,5.63
"51","FN",7,3.27,3.26,0,0.1,3.27,3.16,-0.0100000000000002,-0.11,0,3.07
"52","FN",8,2.63,2.72,0.1,0,2.53,2.72,0.0900000000000003,0.19,3.8,0
"53","MM",9,3.74,3.72,0.1,0.2,3.64,3.52,-0.02,-0.12,2.67,5.38
"54","FN",6,2.71,2.57,0.1,0.2,2.61,2.37,-0.14,-0.24,3.69,7.78
"55","MM",6,3.7,2.61,0.1,0,3.6,2.61,-1.09,-0.99,2.7,0
"56","FN",3,2.67,3.59,0.1,0,2.57,3.59,0.92,1.02,3.75,0
"57","FN",7,3.36,3.05,0.2,0.1,3.16,2.95,-0.31,-0.21,5.95,3.28
"58","MM",3,3.52,3.43,0,0.2,3.52,3.23,-0.0899999999999999,-0.29,0,5.83
"59","MM",4,3.49,3.46,0,0,3.49,3.46,-0.0300000000000002,-0.0300000000000002,0,0
"60","FN",7,3.37,3.78,0.1,0.1,3.27,3.68,0.41,0.41,2.97,2.65
"61","MM",8,2.65,3.75,0,0.1,2.65,3.65,1.1,1,0,2.67
"62","FN",3,3.61,2.68,0,0.2,3.61,2.48,-0.93,-1.13,0,7.46
"63","FN",4,3.3,3.36,0.1,0.1,3.2,3.26,0.0600000000000001,0.0600000000000001,3.03,2.98
"64","FN",4,3.59,2.54,0.1,0,3.49,2.54,-1.05,-0.95,2.79,0
"65","MM",2,2.72,3.14,0.1,0.1,2.62,3.04,0.42,0.42,3.68,3.18
"66","FN",7,2.51,3.53,0.1,0.2,2.41,3.33,1.02,0.92,3.98,5.67
"67","MM",6,2.92,2.99,0.2,0,2.72,2.99,0.0700000000000003,0.27,6.85,0
"68","MM",2,2.85,3.73,0.1,0.1,2.75,3.63,0.88,0.88,3.51,2.68
"69","MM",10,3.57,3.36,0,0.1,3.57,3.26,-0.21,-0.31,0,2.98
"70","FN",6,3.71,3.06,0.1,0.1,3.61,2.96,-0.65,-0.65,2.7,3.27
"71","MM",8,2.67,3.59,0.1,0.1,2.57,3.49,0.92,0.92,3.75,2.79
"72","MM",9,3.69,3.55,0.1,0.1,3.59,3.45,-0.14,-0.14,2.71,2.82
"73","MM",9,3.29,3.06,0.1,0.1,3.19,2.96,-0.23,-0.23,3.04,3.27
"74","FN",8,3.02,2.93,0,0.2,3.02,2.73,-0.0899999999999999,-0.29,0,6.83
"75","FN",7,3.37,3.23,0.2,0.1,3.17,3.13,-0.14,-0.04,5.93,3.1
"76","FN",7,3.5,3.62,0.2,0,3.3,3.62,0.12,0.32,5.71,0
"77","FN",3,3.18,3.26,0.2,0.2,2.98,3.06,0.0799999999999996,0.0799999999999996,6.29,6.13
"78","MM",1,3.01,3.34,0.2,0.2,2.81,3.14,0.33,0.33,6.64,5.99
"79","FN",5,3.76,3.5,0.1,0.2,3.66,3.3,-0.26,-0.36,2.66,5.71
"80","FN",4,2.56,3.4,0.1,0,2.46,3.4,0.84,0.94,3.91,0
"81","FN",5,2.7,3.63,0.1,0,2.6,3.63,0.93,1.03,3.7,0
"82","MM",3,3.41,2.62,0,0.1,3.41,2.52,-0.79,-0.89,0,3.82
"83","FN",4,3.45,3.29,0.1,0.2,3.35,3.09,-0.16,-0.26,2.9,6.08
"84","MM",5,2.64,2.81,0.2,0.1,2.44,2.71,0.17,0.27,7.58,3.56
"85","FN",8,3.1,3.11,0,0,3.1,3.11,0.00999999999999979,0.00999999999999979,0,0
"86","FN",3,3.33,2.87,0.2,0.1,3.13,2.77,-0.46,-0.36,6.01,3.48
"87","MM",2,3.02,3.69,0.1,0.1,2.92,3.59,0.67,0.67,3.31,2.71
"88","MM",1,3.79,3.02,0.1,0.1,3.69,2.92,-0.77,-0.77,2.64,3.31
"89","MM",8,3.38,3.23,0.1,0,3.28,3.23,-0.15,-0.0499999999999998,2.96,0
"90","FN",5,2.91,2.61,0.1,0.1,2.81,2.51,-0.3,-0.3,3.44,3.83
"91","FN",8,2.7,3.73,0.1,0.1,2.6,3.63,1.03,1.03,3.7,2.68
"92","MM",2,2.89,3.46,0.1,0.1,2.79,3.36,0.57,0.57,3.46,2.89
"93","FN",2,2.62,3.12,0.1,0.2,2.52,2.92,0.5,0.4,3.82,6.41
"94","MM",2,2.53,2.74,0,0.1,2.53,2.64,0.21,0.11,0,3.65
"95","FN",8,2.9,3.45,0.1,0.1,2.8,3.35,0.55,0.55,3.45,2.9
"96","FN",8,3.47,3.3,0.1,0,3.37,3.3,-0.17,-0.0700000000000003,2.88,0
"97","MM",10,3.75,2.58,0,0.1,3.75,2.48,-1.17,-1.27,0,3.88
"98","FN",7,3.04,2.57,0.2,0.2,2.84,2.37,-0.47,-0.47,6.58,7.78
"99","FN",4,3.18,3.09,0,0,3.18,3.09,-0.0900000000000003,-0.0900000000000003,0,0
"100","FN",3,2.59,2.74,0.1,0,2.49,2.74,0.15,0.25,3.86,0
"101","MM",8,3.32,3.14,0.1,0.1,3.22,3.04,-0.18,-0.18,3.01,3.18
"102","FN",8,2.96,3.78,0,0.2,2.96,3.58,0.82,0.62,0,5.29
"103","FN",3,3.05,2.79,0.1,0.1,2.95,2.69,-0.26,-0.26,3.28,3.58
"104","MM",8,3.75,3.43,0.2,0.1,3.55,3.33,-0.32,-0.22,5.33,2.92
"105","FN",9,3.39,2.7,0.2,0.2,3.19,2.5,-0.69,-0.69,5.9,7.41
"106","MM",6,3.43,3.18,0.1,0.1,3.33,3.08,-0.25,-0.25,2.92,3.14
"107","MM",6,2.72,3.58,0.2,0,2.52,3.58,0.86,1.06,7.35,0
"108","MM",9,2.76,2.66,0.1,0.1,2.66,2.56,-0.0999999999999996,-0.0999999999999996,3.62,3.76
"109","FN",10,3.64,3.57,0.1,0.2,3.54,3.37,-0.0700000000000003,-0.17,2.75,5.6
"110","FN",7,3.59,2.82,0.2,0.2,3.39,2.62,-0.77,-0.77,5.57,7.09
"111","MM",2,3.44,2.63,0.1,0,3.34,2.63,-0.81,-0.71,2.91,0
"112","FN",8,2.87,2.71,0.1,0,2.77,2.71,-0.16,-0.0600000000000001,3.48,0
"113","FN",5,2.77,3.36,0.1,0.2,2.67,3.16,0.59,0.49,3.61,5.95
"114","MM",5,3.14,3.38,0.1,0,3.04,3.38,0.24,0.34,3.18,0
"115","MM",4,3.18,2.67,0.1,0,3.08,2.67,-0.51,-0.41,3.14,0
"116","FN",3,2.79,3.77,0.1,0.1,2.69,3.67,0.98,0.98,3.58,2.65
"117","FN",5,3.49,2.69,0.1,0.2,3.39,2.49,-0.8,-0.9,2.87,7.43
"118","MM",9,2.53,3.72,0.1,0.2,2.43,3.52,1.19,1.09,3.95,5.38
"119","MM",3,3.42,3.41,0.1,0.1,3.32,3.31,-0.00999999999999979,-0.00999999999999979,2.92,2.93
"120","FN",6,3.59,3.24,0.2,0.1,3.39,3.14,-0.35,-0.25,5.57,3.09
"121","MM",3,3.71,2.82,0.2,0,3.51,2.82,-0.89,-0.69,5.39,0
"122","FN",3,3.36,2.94,0.2,0.2,3.16,2.74,-0.42,-0.42,5.95,6.8
"123","FN",7,2.85,3.59,0,0.2,2.85,3.39,0.74,0.54,0,5.57
"124","FN",4,2.78,3.7,0.1,0.1,2.68,3.6,0.92,0.92,3.6,2.7
"125","FN",2,3.63,3.17,0.2,0.1,3.43,3.07,-0.46,-0.36,5.51,3.15
"126","MM",2,2.53,3.65,0.2,0.1,2.33,3.55,1.12,1.22,7.91,2.74
"127","FN",9,3.61,3.42,0.1,0.2,3.51,3.22,-0.19,-0.29,2.77,5.85
"128","FN",6,3.18,3.05,0.2,0.2,2.98,2.85,-0.13,-0.13,6.29,6.56
"129","FN",2,3.07,2.89,0.1,0.1,2.97,2.79,-0.18,-0.18,3.26,3.46
"130","MM",6,3.71,3.75,0,0.2,3.71,3.55,0.04,-0.16,0,5.33
"131","MM",6,2.71,2.66,0.1,0.2,2.61,2.46,-0.0499999999999998,-0.15,3.69,7.52
"132","MM",8,2.99,3.38,0.1,0.1,2.89,3.28,0.39,0.39,3.34,2.96
"133","MM",7,2.68,3.57,0.1,0.1,2.58,3.47,0.89,0.89,3.73,2.8
"134","MM",6,2.69,2.78,0.2,0.1,2.49,2.68,0.0899999999999999,0.19,7.43,3.6
"135","FN",7,3.38,3.27,0.1,0.2,3.28,3.07,-0.11,-0.21,2.96,6.12
"136","MM",8,3.23,2.71,0,0.1,3.23,2.61,-0.52,-0.62,0,3.69
"137","MM",4,3.11,3.03,0,0.1,3.11,2.93,-0.0800000000000001,-0.18,0,3.3
"138","MM",4,3.55,2.81,0.1,0.2,3.45,2.61,-0.74,-0.84,2.82,7.12
"139","MM",6,3.75,3.19,0.1,0.1,3.65,3.09,-0.56,-0.56,2.67,3.13
"140","FN",3,3.17,3.37,0.2,0,2.97,3.37,0.2,0.4,6.31,0
"141","FN",8,3.41,3.68,0.1,0.1,3.31,3.58,0.27,0.27,2.93,2.72
"142","FN",5,2.74,2.93,0.1,0.1,2.64,2.83,0.19,0.19,3.65,3.41
"143","FN",2,2.96,2.82,0.1,0.2,2.86,2.62,-0.14,-0.24,3.38,7.09
"144","FN",10,2.56,2.9,0,0.1,2.56,2.8,0.34,0.24,0,3.45
"145","MM",3,2.7,2.79,0,0.1,2.7,2.69,0.0899999999999999,-0.0100000000000002,0,3.58
"146","FN",5,2.63,2.66,0.1,0,2.53,2.66,0.0300000000000002,0.13,3.8,0
"147","FN",7,2.86,2.85,0.1,0.1,2.76,2.75,-0.00999999999999979,-0.00999999999999979,3.5,3.51
"148","FN",7,3,3.7,0,0,3,3.7,0.7,0.7,0,0
"149","FN",4,3.32,2.57,0.1,0.1,3.22,2.47,-0.75,-0.75,3.01,3.89
"150","MM",2,3.42,3.15,0,0.1,3.42,3.05,-0.27,-0.37,0,3.17
"151","MM",9,2.92,3.53,0,0.2,2.92,3.33,0.61,0.41,0,5.67
"152","FN",6,3.75,3.59,0,0,3.75,3.59,-0.16,-0.16,0,0
"153","FN",8,3.41,3.25,0.2,0.1,3.21,3.15,-0.16,-0.0600000000000001,5.87,3.08
"154","FN",9,2.71,2.81,0.2,0.1,2.51,2.71,0.1,0.2,7.38,3.56
"155","FN",6,2.98,3.26,0,0.2,2.98,3.06,0.28,0.0799999999999996,0,6.13
"156","FN",4,2.89,2.68,0.1,0.1,2.79,2.58,-0.21,-0.21,3.46,3.73
"157","MM",2,3.1,3.13,0.1,0.2,3,2.93,0.0299999999999998,-0.0700000000000003,3.23,6.39
"158","FN",9,3.57,2.62,0.1,0,3.47,2.62,-0.95,-0.85,2.8,0
"159","FN",6,2.8,2.9,0,0.1,2.8,2.8,0.1,0,0,3.45
"160","FN",3,3.02,3.38,0.2,0.1,2.82,3.28,0.36,0.46,6.62,2.96
"161","FN",4,3.76,2.77,0,0.2,3.76,2.57,-0.99,-1.19,0,7.22
"162","FN",3,2.66,3.01,0,0.1,2.66,2.91,0.35,0.25,0,3.32
"163","MM",5,3.32,3.54,0,0.1,3.32,3.44,0.22,0.12,0,2.82
"164","FN",3,3.42,2.8,0.1,0.1,3.32,2.7,-0.62,-0.62,2.92,3.57
"165","FN",2,3.27,2.6,0.1,0.1,3.17,2.5,-0.67,-0.67,3.06,3.85
"166","FN",2,3.8,3.51,0,0,3.8,3.51,-0.29,-0.29,0,0
"167","MM",7,2.56,3.37,0.1,0.1,2.46,3.27,0.81,0.81,3.91,2.97
"168","FN",4,3.79,3.16,0.1,0.1,3.69,3.06,-0.63,-0.63,2.64,3.16
"169","FN",2,3.47,2.78,0.1,0.1,3.37,2.68,-0.69,-0.69,2.88,3.6
"170","FN",10,3.07,2.74,0.2,0.1,2.87,2.64,-0.33,-0.23,6.51,3.65
"171","MM",5,2.7,3.29,0,0.1,2.7,3.19,0.59,0.49,0,3.04
"172","FN",5,3.08,2.55,0.2,0.1,2.88,2.45,-0.53,-0.43,6.49,3.92
"173","MM",7,2.74,2.8,0,0,2.74,2.8,0.0599999999999996,0.0599999999999996,0,0
"174","MM",9,3.05,3.57,0,0.1,3.05,3.47,0.52,0.42,0,2.8
"175","MM",3,3.57,2.89,0.1,0,3.47,2.89,-0.68,-0.58,2.8,0
"176","MM",6,2.57,2.52,0.1,0.1,2.47,2.42,-0.0499999999999998,-0.0499999999999998,3.89,3.97
"177","FN",7,2.92,3.75,0,0.1,2.92,3.65,0.83,0.73,0,2.67
"178","FN",5,3.6,2.61,0,0,3.6,2.61,-0.99,-0.99,0,0
"179","MM",2,2.55,3.47,0,0.2,2.55,3.27,0.92,0.72,0,5.76
"180","MM",7,3.53,3.59,0,0,3.53,3.59,0.0600000000000001,0.0600000000000001,0,0
"181","MM",1,3.75,2.52,0.2,0.1,3.55,2.42,-1.23,-1.13,5.33,3.97
"182","FN",3,3.36,3.61,0.1,0.1,3.26,3.51,0.25,0.25,2.98,2.77
"183","MM",7,2.51,3.22,0.1,0,2.41,3.22,0.71,0.81,3.98,0
"184","FN",9,3.11,2.94,0.2,0,2.91,2.94,-0.17,0.0300000000000002,6.43,0
"185","MM",8,3.43,2.92,0,0.2,3.43,2.72,-0.51,-0.71,0,6.85
"186","FN",2,2.54,3.33,0.1,0.2,2.44,3.13,0.79,0.69,3.94,6.01
"187","FN",4,3.6,2.67,0.1,0.2,3.5,2.47,-0.93,-1.03,2.78,7.49
"188","MM",8,3.47,2.9,0,0,3.47,2.9,-0.57,-0.57,0,0
"189","MM",7,2.84,3.26,0.1,0.2,2.74,3.06,0.42,0.32,3.52,6.13
"190","MM",6,3.47,3.49,0.1,0.2,3.37,3.29,0.02,-0.0800000000000001,2.88,5.73
"191","FN",2,3.37,3.22,0,0.2,3.37,3.02,-0.15,-0.35,0,6.21
"192","FN",6,2.72,3.39,0.1,0,2.62,3.39,0.67,0.77,3.68,0
"193","MM",5,3.37,2.98,0,0.1,3.37,2.88,-0.39,-0.49,0,3.36
"194","MM",8,3.71,3.68,0.2,0.1,3.51,3.58,-0.0299999999999998,0.0700000000000003,5.39,2.72
"195","MM",1,3.61,3.77,0.1,0.1,3.51,3.67,0.16,0.16,2.77,2.65
"196","FN",3,3.52,3.5,0,0.2,3.52,3.3,-0.02,-0.22,0,5.71
"197","FN",9,3.39,2.52,0.2,0,3.19,2.52,-0.87,-0.67,5.9,0
"198","MM",2,3.27,3.18,0.2,0.2,3.07,2.98,-0.0899999999999999,-0.0899999999999999,6.12,6.29
"199","FN",10,3.02,3.54,0.1,0.2,2.92,3.34,0.52,0.42,3.31,5.65
"200","MM",4,2.67,2.77,0.1,0.2,2.57,2.57,0.1,0,3.75,7.22
"201","FN",9,3.57,3,0.1,0.2,3.47,2.8,-0.57,-0.67,2.8,6.67
"202","MM",9,3.43,3.21,0,0.1,3.43,3.11,-0.22,-0.32,0,3.12
"203","MM",5,3.52,3.47,0.1,0,3.42,3.47,-0.0499999999999998,0.0500000000000003,2.84,0
"204","FN",7,2.52,2.93,0.1,0,2.42,2.93,0.41,0.51,3.97,0
"205","FN",5,2.73,2.92,0.2,0,2.53,2.92,0.19,0.39,7.33,0
"206","MM",10,3.28,3.05,0.1,0.1,3.18,2.95,-0.23,-0.23,3.05,3.28
"207","FN",2,2.6,2.86,0.1,0.2,2.5,2.66,0.26,0.16,3.85,6.99
"208","FN",2,3.42,3.31,0.2,0.2,3.22,3.11,-0.11,-0.11,5.85,6.04
"209","FN",8,3.23,2.56,0.1,0,3.13,2.56,-0.67,-0.57,3.1,0
"210","FN",6,2.87,3.29,0,0.1,2.87,3.19,0.42,0.32,0,3.04
"211","FN",5,3.01,3.04,0,0.2,3.01,2.84,0.0300000000000002,-0.17,0,6.58
"212","FN",10,3.37,2.56,0.2,0.1,3.17,2.46,-0.81,-0.71,5.93,3.91
"213","FN",3,2.71,3.79,0.1,0.1,2.61,3.69,1.08,1.08,3.69,2.64
"214","MM",6,2.64,3.31,0.1,0.1,2.54,3.21,0.67,0.67,3.79,3.02
"215","FN",2,3.19,3.59,0.1,0,3.09,3.59,0.4,0.5,3.13,0
"216","MM",8,2.63,3.02,0.1,0.1,2.53,2.92,0.39,0.39,3.8,3.31
"217","FN",4,2.62,3.74,0.1,0.1,2.52,3.64,1.12,1.12,3.82,2.67
"218","FN",8,3.33,2.99,0,0.2,3.33,2.79,-0.34,-0.54,0,6.69
"219","MM",3,3.23,3.57,0.1,0.1,3.13,3.47,0.34,0.34,3.1,2.8
"220","MM",10,2.9,2.51,0.1,0.2,2.8,2.31,-0.39,-0.49,3.45,7.97
"221","FN",4,2.85,3.64,0.1,0,2.75,3.64,0.79,0.89,3.51,0
"222","MM",6,3.32,2.6,0.1,0.1,3.22,2.5,-0.72,-0.72,3.01,3.85
"223","MM",2,3.58,3.56,0,0.1,3.58,3.46,-0.02,-0.12,0,2.81
"224","MM",9,2.57,3.26,0,0.2,2.57,3.06,0.69,0.49,0,6.13
"225","FN",10,3.79,3.39,0,0.1,3.79,3.29,-0.4,-0.5,0,2.95
"226","FN",1,2.53,3.43,0.1,0.1,2.43,3.33,0.9,0.9,3.95,2.92
"227","FN",5,2.73,2.86,0.1,0,2.63,2.86,0.13,0.23,3.66,0
"228","MM",3,2.93,3.38,0.1,0.2,2.83,3.18,0.45,0.35,3.41,5.92
"229","MM",9,3.61,2.89,0.2,0.1,3.41,2.79,-0.72,-0.62,5.54,3.46
"230","MM",6,2.74,3.24,0.1,0.1,2.64,3.14,0.5,0.5,3.65,3.09
"231","MM",1,3.53,2.57,0,0.2,3.53,2.37,-0.96,-1.16,0,7.78
"232","FN",3,3.62,2.95,0.1,0.1,3.52,2.85,-0.67,-0.67,2.76,3.39
"233","FN",4,3.11,3.15,0.1,0.2,3.01,2.95,0.04,-0.0600000000000001,3.22,6.35
"234","FN",6,3.34,3.19,0.2,0,3.14,3.19,-0.15,0.0500000000000003,5.99,0
"235","FN",3,2.92,3.56,0.1,0,2.82,3.56,0.64,0.74,3.42,0
"236","FN",1,3.11,3.16,0.1,0.1,3.01,3.06,0.0500000000000003,0.0500000000000003,3.22,3.16
"237","FN",2,3.73,3.6,0.1,0.2,3.63,3.4,-0.13,-0.23,2.68,5.56
"238","MM",7,2.82,3.27,0,0.1,2.82,3.17,0.45,0.35,0,3.06
"239","FN",9,2.53,3.2,0.1,0,2.43,3.2,0.67,0.77,3.95,0
"240","MM",4,3.76,3.32,0.1,0,3.66,3.32,-0.44,-0.34,2.66,0
"241","FN",2,2.84,2.88,0.1,0.2,2.74,2.68,0.04,-0.0600000000000001,3.52,6.94
"242","MM",4,3.35,3.24,0.2,0,3.15,3.24,-0.11,0.0900000000000003,5.97,0
"243","FN",7,2.6,3.8,0,0.1,2.6,3.7,1.2,1.1,0,2.63
"244","MM",5,3.76,3.7,0,0.1,3.76,3.6,-0.0599999999999996,-0.16,0,2.7
"245","FN",8,3.69,3.5,0.2,0.2,3.49,3.3,-0.19,-0.19,5.42,5.71
"246","MM",4,3.63,3.6,0,0.1,3.63,3.5,-0.0299999999999998,-0.13,0,2.78
"247","FN",6,3.05,3.7,0.2,0,2.85,3.7,0.65,0.850000000000001,6.56,0
"248","MM",1,3.52,3.28,0,0.1,3.52,3.18,-0.24,-0.34,0,3.05
"249","MM",3,2.89,2.98,0.2,0.1,2.69,2.88,0.0899999999999999,0.19,6.92,3.36
"250","MM",8,2.88,3.47,0.2,0.1,2.68,3.37,0.59,0.69,6.94,2.88
"251","FN",8,3.8,3.13,0.2,0.1,3.6,3.03,-0.67,-0.57,5.26,3.19
"252","FN",6,3.78,2.51,0.1,0.1,3.68,2.41,-1.27,-1.27,2.65,3.98
"253","MM",6,3.12,3.38,0.1,0.2,3.02,3.18,0.26,0.16,3.21,5.92
"254","FN",1,3.49,3.02,0.2,0.1,3.29,2.92,-0.47,-0.37,5.73,3.31
"255","FN",2,2.93,3.74,0.1,0.1,2.83,3.64,0.81,0.81,3.41,2.67
"256","MM",9,2.81,2.67,0.2,0.2,2.61,2.47,-0.14,-0.14,7.12,7.49
"257","FN",2,3.3,2.99,0.1,0.2,3.2,2.79,-0.31,-0.41,3.03,6.69
"258","FN",3,2.94,3.67,0.1,0.1,2.84,3.57,0.73,0.73,3.4,2.72
"259","FN",10,2.58,3.54,0.1,0.1,2.48,3.44,0.96,0.96,3.88,2.82
"260","MM",6,3.78,3.16,0.1,0.1,3.68,3.06,-0.62,-0.62,2.65,3.16
"261","MM",3,3.39,2.52,0.1,0.1,3.29,2.42,-0.87,-0.87,2.95,3.97
"262","MM",7,3.62,2.83,0.1,0,3.52,2.83,-0.79,-0.69,2.76,0
"263","MM",1,3.1,2.9,0.1,0.1,3,2.8,-0.2,-0.2,3.23,3.45
"264","MM",2,2.66,3.36,0.1,0,2.56,3.36,0.7,0.8,3.76,0
"265","FN",7,3.38,2.63,0.1,0,3.28,2.63,-0.75,-0.65,2.96,0
"266","MM",2,2.53,3.75,0.2,0,2.33,3.75,1.22,1.42,7.91,0
"267","FN",7,2.71,3.63,0.2,0.1,2.51,3.53,0.92,1.02,7.38,2.75
"268","FN",9,3.66,2.87,0.1,0.1,3.56,2.77,-0.79,-0.79,2.73,3.48
"269","FN",2,2.7,3.07,0,0.2,2.7,2.87,0.37,0.169999999999999,0,6.51
"270","FN",10,2.84,2.94,0.2,0.1,2.64,2.84,0.1,0.2,7.04,3.4
"271","MM",1,2.82,2.95,0.1,0.2,2.72,2.75,0.13,0.0300000000000002,3.55,6.78
"272","FN",8,2.91,2.9,0.2,0.1,2.71,2.8,-0.0100000000000002,0.0899999999999999,6.87,3.45
"273","FN",5,2.79,3.69,0.1,0.2,2.69,3.49,0.9,0.8,3.58,5.42
"274","FN",6,2.54,2.87,0.1,0.1,2.44,2.77,0.33,0.33,3.94,3.48
"275","MM",9,3.67,3.63,0,0.1,3.67,3.53,-0.04,-0.14,0,2.75
"276","MM",6,3.75,3.56,0,0,3.75,3.56,-0.19,-0.19,0,0
"277","MM",8,3.73,2.74,0.1,0.1,3.63,2.64,-0.99,-0.99,2.68,3.65
"278","FN",7,3.09,2.8,0.1,0,2.99,2.8,-0.29,-0.19,3.24,0
"279","FN",4,3.07,3.37,0,0.1,3.07,3.27,0.3,0.2,0,2.97
"280","MM",5,2.57,3.11,0,0,2.57,3.11,0.54,0.54,0,0
"281","MM",3,2.97,2.64,0.2,0,2.77,2.64,-0.33,-0.13,6.73,0
"282","FN",9,3.67,2.69,0.1,0.1,3.57,2.59,-0.98,-0.98,2.72,3.72
"283","FN",6,2.98,2.91,0,0.1,2.98,2.81,-0.0699999999999998,-0.17,0,3.44
"284","FN",8,3.15,3.29,0.1,0.1,3.05,3.19,0.14,0.14,3.17,3.04
"285","FN",6,3.19,3.73,0,0,3.19,3.73,0.54,0.54,0,0
"286","FN",3,2.72,3.05,0.1,0.1,2.62,2.95,0.33,0.33,3.68,3.28
"287","FN",8,3.2,3.7,0,0,3.2,3.7,0.5,0.5,0,0
"288","FN",6,2.64,2.63,0.1,0,2.54,2.63,-0.0100000000000002,0.0899999999999999,3.79,0
"289","FN",4,3.3,3.63,0.1,0.2,3.2,3.43,0.33,0.23,3.03,5.51
"290","MM",6,3.21,2.84,0.1,0.1,3.11,2.74,-0.37,-0.37,3.12,3.52
"291","FN",8,2.8,2.87,0.1,0,2.7,2.87,0.0700000000000003,0.17,3.57,0
"292","FN",6,3.67,2.72,0.1,0.2,3.57,2.52,-0.95,-1.05,2.72,7.35
"293","FN",3,2.76,2.54,0.1,0.1,2.66,2.44,-0.22,-0.22,3.62,3.94
"294","MM",9,3.05,2.63,0,0,3.05,2.63,-0.42,-0.42,0,0
"295","MM",4,3.65,2.66,0.1,0,3.55,2.66,-0.99,-0.89,2.74,0
"296","MM",4,2.81,2.75,0,0.2,2.81,2.55,-0.0600000000000001,-0.26,0,7.27
"297","MM",8,2.88,3.58,0,0.1,2.88,3.48,0.7,0.6,0,2.79
"298","FN",8,3.64,2.52,0.1,0.1,3.54,2.42,-1.12,-1.12,2.75,3.97
"299","FN",9,3.3,3,0.1,0.1,3.2,2.9,-0.3,-0.3,3.03,3.33
"300","MM",6,3.61,3.69,0.1,0.2,3.51,3.49,0.0800000000000001,-0.02,2.77,5.42
"301","MM",1,3.12,2.52,0.1,0.1,3.02,2.42,-0.6,-0.6,3.21,3.97
"302","FN",5,3.66,2.9,0.2,0.2,3.46,2.7,-0.76,-0.76,5.46,6.9
"303","MM",6,2.72,3.06,0.2,0,2.52,3.06,0.34,0.54,7.35,0
"304","MM",9,3.31,3.23,0.2,0.1,3.11,3.13,-0.0800000000000001,0.02,6.04,3.1
"305","MM",8,3.44,3.7,0.1,0.2,3.34,3.5,0.26,0.16,2.91,5.41
"306","FN",6,2.75,3.17,0.1,0.1,2.65,3.07,0.42,0.42,3.64,3.15
"307","FN",2,3.24,3.46,0.2,0.2,3.04,3.26,0.22,0.22,6.17,5.78
"308","FN",2,3.37,3.3,0,0.1,3.37,3.2,-0.0700000000000003,-0.17,0,3.03
"309","FN",7,3.69,2.77,0.1,0.1,3.59,2.67,-0.92,-0.92,2.71,3.61
"310","FN",2,2.92,3.16,0,0.1,2.92,3.06,0.24,0.14,0,3.16
"311","FN",3,3.21,2.58,0.1,0.1,3.11,2.48,-0.63,-0.63,3.12,3.88
"312","FN",4,2.51,3.51,0.2,0.1,2.31,3.41,1,1.1,7.97,2.85
"313","MM",9,2.98,2.77,0,0.1,2.98,2.67,-0.21,-0.31,0,3.61
"314","FN",3,3.33,3.61,0,0.1,3.33,3.51,0.28,0.18,0,2.77
"315","FN",7,3.29,3.17,0,0.1,3.29,3.07,-0.12,-0.22,0,3.15
"316","MM",2,3.56,2.83,0.2,0.1,3.36,2.73,-0.73,-0.63,5.62,3.53
"317","MM",8,2.65,3.56,0.1,0.1,2.55,3.46,0.91,0.91,3.77,2.81
"318","FN",3,3.36,2.59,0.1,0.1,3.26,2.49,-0.77,-0.77,2.98,3.86
"319","FN",6,2.76,2.53,0.2,0.1,2.56,2.43,-0.23,-0.13,7.25,3.95
"320","MM",1,3.26,3.28,0,0.1,3.26,3.18,0.02,-0.0800000000000001,0,3.05
"321","MM",8,3.4,3.6,0.1,0.1,3.3,3.5,0.2,0.2,2.94,2.78
"322","FN",4,3.19,3.09,0.1,0.2,3.09,2.89,-0.1,-0.2,3.13,6.47
"323","FN",9,2.98,3.15,0.1,0.1,2.88,3.05,0.17,0.17,3.36,3.17
"324","MM",4,3.41,2.77,0.1,0.1,3.31,2.67,-0.64,-0.64,2.93,3.61
"325","FN",10,3.12,3.43,0,0.2,3.12,3.23,0.31,0.11,0,5.83
"326","FN",4,2.8,3.2,0.1,0.1,2.7,3.1,0.4,0.4,3.57,3.12
"327","MM",5,3.09,2.56,0.1,0.1,2.99,2.46,-0.53,-0.53,3.24,3.91
"328","FN",5,2.6,3.57,0.1,0.1,2.5,3.47,0.97,0.97,3.85,2.8
"329","FN",1,2.83,2.83,0.1,0,2.73,2.83,0,0.1,3.53,0
"330","MM",7,3.22,3.18,0.1,0.1,3.12,3.08,-0.04,-0.04,3.11,3.14
"331","MM",6,2.53,2.93,0.1,0.1,2.43,2.83,0.4,0.4,3.95,3.41
"332","FN",4,2.77,2.64,0.2,0.1,2.57,2.54,-0.13,-0.0299999999999998,7.22,3.79
"333","MM",6,3.33,3.61,0.1,0.1,3.23,3.51,0.28,0.28,3,2.77
"334","MM",7,3.43,3.31,0.1,0.1,3.33,3.21,-0.12,-0.12,2.92,3.02
"335","FN",5,3.51,3.6,0.1,0.2,3.41,3.4,0.0900000000000003,-0.00999999999999979,2.85,5.56
"336","FN",3,2.6,2.66,0.1,0.1,2.5,2.56,0.0600000000000001,0.0600000000000001,3.85,3.76
"337","MM",7,2.63,3.37,0.1,0.1,2.53,3.27,0.74,0.74,3.8,2.97
"338","MM",8,3.73,3.29,0.1,0.1,3.63,3.19,-0.44,-0.44,2.68,3.04
"339","MM",9,3.71,3.73,0.1,0,3.61,3.73,0.02,0.12,2.7,0
"340","MM",6,3.7,3.25,0,0,3.7,3.25,-0.45,-0.45,0,0
"341","FN",4,3.34,2.89,0.1,0.1,3.24,2.79,-0.45,-0.45,2.99,3.46
"342","FN",5,2.7,3.72,0.2,0.1,2.5,3.62,1.02,1.12,7.41,2.69
"343","FN",4,3.68,3.6,0,0,3.68,3.6,-0.0800000000000001,-0.0800000000000001,0,0
"344","FN",3,3.7,3.05,0.1,0.1,3.6,2.95,-0.65,-0.65,2.7,3.28
"345","FN",7,2.72,3.13,0.1,0,2.62,3.13,0.41,0.51,3.68,0
"346","FN",10,2.6,3.5,0.1,0.1,2.5,3.4,0.9,0.9,3.85,2.86
"347","MM",4,3.24,2.83,0,0,3.24,2.83,-0.41,-0.41,0,0
"348","FN",7,2.98,3.56,0.1,0.1,2.88,3.46,0.58,0.58,3.36,2.81
"349","FN",6,3.1,3.57,0,0,3.1,3.57,0.47,0.47,0,0
"350","MM",6,3.1,3.04,0.1,0,3,3.04,-0.0600000000000001,0.04,3.23,0
"351","FN",1,3.51,3.69,0.1,0.2,3.41,3.49,0.18,0.0800000000000001,2.85,5.42
"352","MM",1,3.57,2.59,0.1,0,3.47,2.59,-0.98,-0.88,2.8,0
"353","FN",2,2.87,3.55,0.1,0,2.77,3.55,0.68,0.78,3.48,0
"354","FN",1,3.45,3.13,0.2,0.1,3.25,3.03,-0.32,-0.22,5.8,3.19
"355","MM",2,3.14,2.9,0.1,0.1,3.04,2.8,-0.24,-0.24,3.18,3.45
"356","MM",5,2.59,3.3,0.1,0.2,2.49,3.1,0.71,0.61,3.86,6.06
"357","MM",3,2.55,2.92,0.2,0.1,2.35,2.82,0.37,0.47,7.84,3.42
"358","FN",8,2.81,3.35,0.1,0,2.71,3.35,0.54,0.64,3.56,0
"359","FN",3,2.78,3.69,0.1,0.2,2.68,3.49,0.91,0.81,3.6,5.42
"360","MM",5,3.05,3.24,0.2,0.2,2.85,3.04,0.19,0.19,6.56,6.17
"361","FN",7,3.21,3.33,0.2,0.1,3.01,3.23,0.12,0.22,6.23,3
"362","FN",2,3.43,3.04,0,0.2,3.43,2.84,-0.39,-0.59,0,6.58
"363","MM",9,2.81,3.54,0.1,0,2.71,3.54,0.73,0.83,3.56,0
"364","FN",5,3.66,3.62,0.1,0.2,3.56,3.42,-0.04,-0.14,2.73,5.52
"365","FN",3,3.13,2.98,0.1,0.1,3.03,2.88,-0.15,-0.15,3.19,3.36
"366","MM",4,2.84,3.13,0.2,0.2,2.64,2.93,0.29,0.29,7.04,6.39
"367","FN",2,2.92,3.67,0.2,0,2.72,3.67,0.75,0.95,6.85,0
"368","FN",6,3.36,3.1,0.1,0.2,3.26,2.9,-0.26,-0.36,2.98,6.45
"369","FN",2,3.45,2.77,0.1,0.2,3.35,2.57,-0.68,-0.78,2.9,7.22
"370","FN",3,3.24,3.38,0.2,0.2,3.04,3.18,0.14,0.14,6.17,5.92
"371","FN",4,3.64,3.45,0,0,3.64,3.45,-0.19,-0.19,0,0
"372","FN",3,3.03,3.35,0.1,0,2.93,3.35,0.32,0.42,3.3,0
"373","MM",5,2.77,2.77,0,0.1,2.77,2.67,0,-0.1,0,3.61
"374","FN",7,3.11,3.75,0.2,0.1,2.91,3.65,0.64,0.74,6.43,2.67
"375","FN",7,2.99,2.51,0.2,0,2.79,2.51,-0.48,-0.28,6.69,0
"376","MM",8,2.82,3.67,0.2,0.1,2.62,3.57,0.85,0.95,7.09,2.72
"377","MM",4,3.7,2.62,0.1,0,3.6,2.62,-1.08,-0.98,2.7,0
"378","FN",10,3.11,3.59,0,0.2,3.11,3.39,0.48,0.28,0,5.57
"379","FN",1,2.52,3.22,0.1,0.1,2.42,3.12,0.7,0.7,3.97,3.11
"380","MM",7,3.73,3.28,0.1,0.2,3.63,3.08,-0.45,-0.55,2.68,6.1
"381","MM",5,2.99,3.55,0.1,0.2,2.89,3.35,0.56,0.46,3.34,5.63
"382","MM",4,2.51,2.84,0.1,0.1,2.41,2.74,0.33,0.33,3.98,3.52
"383","FN",9,3.77,2.55,0.1,0.2,3.67,2.35,-1.22,-1.32,2.65,7.84
"384","MM",2,2.99,2.68,0.1,0.1,2.89,2.58,-0.31,-0.31,3.34,3.73
"385","FN",9,3.78,2.64,0.1,0.1,3.68,2.54,-1.14,-1.14,2.65,3.79
"386","MM",3,2.68,2.73,0.1,0.2,2.58,2.53,0.0499999999999998,-0.0500000000000003,3.73,7.33
"387","FN",3,3.23,3.75,0.1,0,3.13,3.75,0.52,0.62,3.1,0
"388","FN",9,3.53,2.75,0.1,0.2,3.43,2.55,-0.78,-0.88,2.83,7.27
"389","FN",2,2.75,2.93,0.1,0.1,2.65,2.83,0.18,0.18,3.64,3.41
"390","FN",3,3.42,3.4,0.1,0.1,3.32,3.3,-0.02,-0.02,2.92,2.94
"391","MM",10,3.24,3.4,0.2,0.2,3.04,3.2,0.16,0.16,6.17,5.88
"392","FN",7,2.51,2.87,0.2,0.1,2.31,2.77,0.36,0.46,7.97,3.48
"393","MM",5,2.83,2.89,0.1,0,2.73,2.89,0.0600000000000001,0.16,3.53,0
"394","MM",4,3.11,3.06,0.1,0.1,3.01,2.96,-0.0499999999999998,-0.0499999999999998,3.22,3.27
"395","FN",5,3.7,3,0,0.1,3.7,2.9,-0.7,-0.8,0,3.33
"396","FN",8,3.79,3.68,0,0.1,3.79,3.58,-0.11,-0.21,0,2.72
"397","FN",7,2.77,3.2,0.1,0.1,2.67,3.1,0.43,0.43,3.61,3.12
"398","FN",5,3.21,3.29,0.2,0.1,3.01,3.19,0.0800000000000001,0.18,6.23,3.04
"399","FN",1,3.34,3.16,0.2,0,3.14,3.16,-0.18,0.0200000000000005,5.99,0
"400","MM",3,3.67,3.16,0.1,0.1,3.57,3.06,-0.51,-0.51,2.72,3.16
"401","MM",3,3.45,3.05,0.2,0,3.25,3.05,-0.4,-0.2,5.8,0
"402","FN",3,3.29,2.78,0.2,0.1,3.09,2.68,-0.51,-0.41,6.08,3.6
"403","MM",2,2.79,2.92,0.1,0.1,2.69,2.82,0.13,0.13,3.58,3.42
"404","MM",5,3.69,2.81,0,0.2,3.69,2.61,-0.88,-1.08,0,7.12
"405","FN",3,3.54,2.5,0.1,0,3.44,2.5,-1.04,-0.94,2.82,0
"406","FN",8,2.91,2.79,0.1,0.1,2.81,2.69,-0.12,-0.12,3.44,3.58
"407","MM",6,2.8,3.76,0.2,0.1,2.6,3.66,0.96,1.06,7.14,2.66
"408","FN",10,3.35,3.06,0.1,0,3.25,3.06,-0.29,-0.19,2.99,0
"409","FN",2,3.46,3.75,0.2,0,3.26,3.75,0.29,0.49,5.78,0
"410","MM",10,3.1,2.83,0.1,0.1,3,2.73,-0.27,-0.27,3.23,3.53
"411","FN",8,3.62,2.68,0.1,0.1,3.52,2.58,-0.94,-0.94,2.76,3.73
"412","MM",9,3.38,3.23,0.1,0.2,3.28,3.03,-0.15,-0.25,2.96,6.19
"413","FN",7,2.71,3.06,0.1,0.1,2.61,2.96,0.35,0.35,3.69,3.27
"414","FN",2,2.52,3.62,0,0.1,2.52,3.52,1.1,1,0,2.76
"415","FN",3,3.63,3.69,0.1,0.1,3.53,3.59,0.0600000000000001,0.0600000000000001,2.75,2.71
"416","FN",8,2.63,3.3,0.2,0.1,2.43,3.2,0.67,0.77,7.6,3.03
"417","MM",6,2.91,3.59,0,0,2.91,3.59,0.68,0.68,0,0
"418","FN",4,3.06,2.87,0,0.1,3.06,2.77,-0.19,-0.29,0,3.48
"419","FN",8,3.3,3.67,0.1,0.1,3.2,3.57,0.37,0.37,3.03,2.72
"420","FN",4,2.94,2.68,0.1,0.2,2.84,2.48,-0.26,-0.36,3.4,7.46
"421","FN",9,3.25,2.68,0.1,0.1,3.15,2.58,-0.57,-0.57,3.08,3.73
"422","MM",6,3.58,3.25,0.1,0.1,3.48,3.15,-0.33,-0.33,2.79,3.08
"423","MM",5,2.94,3.79,0.1,0,2.84,3.79,0.85,0.95,3.4,0
"424","FN",9,3,3.19,0.2,0.1,2.8,3.09,0.19,0.29,6.67,3.13
"425","MM",5,3.29,2.67,0.1,0,3.19,2.67,-0.62,-0.52,3.04,0
"426","MM",2,3.14,2.73,0.2,0.2,2.94,2.53,-0.41,-0.41,6.37,7.33
"427","FN",5,2.64,3.51,0.2,0.1,2.44,3.41,0.87,0.97,7.58,2.85
"428","FN",10,3.6,3.35,0,0.1,3.6,3.25,-0.25,-0.35,0,2.99
"429","FN",9,3.08,3.22,0.1,0.1,2.98,3.12,0.14,0.14,3.25,3.11
"430","MM",5,3.48,3.47,0.1,0,3.38,3.47,-0.00999999999999979,0.0900000000000003,2.87,0
"431","MM",9,3.53,2.95,0.1,0.1,3.43,2.85,-0.58,-0.58,2.83,3.39
"432","MM",4,3.01,3.01,0,0.2,3.01,2.81,0,-0.2,0,6.64
"433","FN",8,2.52,2.96,0.2,0.2,2.32,2.76,0.44,0.44,7.94,6.76
"434","MM",8,3.47,3.31,0,0.1,3.47,3.21,-0.16,-0.26,0,3.02
"435","FN",4,2.59,2.71,0,0.1,2.59,2.61,0.12,0.02,0,3.69
"436","MM",4,3.19,2.82,0.1,0.1,3.09,2.72,-0.37,-0.37,3.13,3.55
"437","FN",7,2.66,3.73,0.1,0.2,2.56,3.53,1.07,0.97,3.76,5.36
"438","FN",9,3.38,3.78,0,0.2,3.38,3.58,0.4,0.2,0,5.29
"439","FN",7,2.57,3.2,0.2,0.1,2.37,3.1,0.63,0.73,7.78,3.12
"440","FN",6,3.54,2.56,0.2,0.1,3.34,2.46,-0.98,-0.88,5.65,3.91
"441","FN",2,3.36,3.28,0.1,0.2,3.26,3.08,-0.0800000000000001,-0.18,2.98,6.1
"442","MM",7,2.82,3.44,0,0.1,2.82,3.34,0.62,0.52,0,2.91
"443","MM",1,2.71,3.26,0.2,0.1,2.51,3.16,0.55,0.65,7.38,3.07
"444","FN",5,2.58,3.18,0.1,0.2,2.48,2.98,0.6,0.5,3.88,6.29
"445","MM",8,2.52,2.96,0.1,0,2.42,2.96,0.44,0.54,3.97,0
"446","MM",8,3.58,2.6,0,0.2,3.58,2.4,-0.98,-1.18,0,7.69
"447","MM",2,2.84,2.67,0,0.1,2.84,2.57,-0.17,-0.27,0,3.75
"448","FN",5,2.57,2.98,0.1,0,2.47,2.98,0.41,0.51,3.89,0
"449","FN",6,2.95,3.28,0,0,2.95,3.28,0.33,0.33,0,0
"450","MM",3,3.25,2.81,0.1,0.1,3.15,2.71,-0.44,-0.44,3.08,3.56
"451","FN",6,3.55,2.52,0.1,0.2,3.45,2.32,-1.03,-1.13,2.82,7.94
"452","FN",8,2.94,2.9,0.1,0.1,2.84,2.8,-0.04,-0.04,3.4,3.45
"453","FN",7,2.68,2.6,0.2,0.1,2.48,2.5,-0.0800000000000001,0.02,7.46,3.85
"454","FN",2,3.51,2.83,0.1,0.2,3.41,2.63,-0.68,-0.78,2.85,7.07
"455","FN",6,3.64,2.68,0.1,0.1,3.54,2.58,-0.96,-0.96,2.75,3.73
"456","MM",8,3.78,2.98,0.1,0.1,3.68,2.88,-0.8,-0.8,2.65,3.36
"457","MM",3,3.35,2.68,0.1,0,3.25,2.68,-0.67,-0.57,2.99,0
"458","MM",8,2.83,3.24,0.1,0,2.73,3.24,0.41,0.51,3.53,0
"459","FN",9,3.33,3.21,0,0,3.33,3.21,-0.12,-0.12,0,0
"460","FN",2,3.09,2.71,0,0.1,3.09,2.61,-0.38,-0.48,0,3.69
"461","MM",10,2.76,3.73,0,0.2,2.76,3.53,0.97,0.77,0,5.36
"462","FN",8,3.29,3.31,0.1,0.1,3.19,3.21,0.02,0.02,3.04,3.02
"463","FN",8,3.77,2.58,0,0.2,3.77,2.38,-1.19,-1.39,0,7.75
"464","FN",3,2.76,2.74,0,0,2.76,2.74,-0.0199999999999996,-0.0199999999999996,0,0
"465","MM",1,3.07,3.37,0.2,0.2,2.87,3.17,0.3,0.3,6.51,5.93
"466","FN",9,2.94,3.68,0.2,0.1,2.74,3.58,0.74,0.84,6.8,2.72
"467","FN",9,2.54,3.56,0.2,0.1,2.34,3.46,1.02,1.12,7.87,2.81
"468","MM",2,2.63,3.08,0.1,0,2.53,3.08,0.45,0.55,3.8,0
"469","FN",5,3.05,2.71,0.1,0.2,2.95,2.51,-0.34,-0.44,3.28,7.38
"470","MM",5,2.56,2.72,0.2,0.2,2.36,2.52,0.16,0.16,7.81,7.35
"471","FN",7,2.53,3.12,0.2,0.1,2.33,3.02,0.59,0.69,7.91,3.21
"472","MM",2,2.73,3.01,0.1,0,2.63,3.01,0.28,0.38,3.66,0
"473","FN",8,2.99,3.53,0.1,0.2,2.89,3.33,0.54,0.44,3.34,5.67
"474","MM",5,3.26,3.5,0.1,0,3.16,3.5,0.24,0.34,3.07,0
"475","MM",5,2.94,3.02,0.2,0.2,2.74,2.82,0.0800000000000001,0.0800000000000001,6.8,6.62
"476","FN",8,3.14,3.32,0.1,0.1,3.04,3.22,0.18,0.18,3.18,3.01
"477","MM",5,3.48,3.04,0.1,0.1,3.38,2.94,-0.44,-0.44,2.87,3.29
"478","FN",10,2.72,2.98,0.1,0.2,2.62,2.78,0.26,0.16,3.68,6.71
"479","FN",9,3.6,3.31,0,0.1,3.6,3.21,-0.29,-0.39,0,3.02
"480","MM",8,2.92,3.74,0.1,0.1,2.82,3.64,0.82,0.82,3.42,2.67
"481","FN",8,2.8,3.12,0,0.1,2.8,3.02,0.32,0.22,0,3.21
"482","MM",2,2.9,3.31,0,0.1,2.9,3.21,0.41,0.31,0,3.02
"483","FN",9,3.53,2.88,0.1,0.1,3.43,2.78,-0.65,-0.65,2.83,3.47
"484","MM",8,2.83,3.03,0.2,0.2,2.63,2.83,0.2,0.2,7.07,6.6
"485","MM",10,3.7,3.08,0.1,0.1,3.6,2.98,-0.62,-0.62,2.7,3.25
"486","FN",1,2.69,2.87,0.1,0.1,2.59,2.77,0.18,0.18,3.72,3.48
"487","FN",8,2.78,3.76,0.1,0.2,2.68,3.56,0.98,0.88,3.6,5.32
"488","MM",5,3.31,3.65,0.1,0.1,3.21,3.55,0.34,0.34,3.02,2.74
"489","FN",6,2.83,3.55,0,0,2.83,3.55,0.72,0.72,0,0
"490","MM",8,3.42,3.42,0.1,0.1,3.32,3.32,0,0,2.92,2.92
"491","MM",1,3.47,2.73,0,0,3.47,2.73,-0.74,-0.74,0,0
"492","FN",1,2.84,2.58,0,0.2,2.84,2.38,-0.26,-0.46,0,7.75
"493","FN",10,3.24,2.64,0.1,0.1,3.14,2.54,-0.6,-0.6,3.09,3.79
"494","MM",8,3.69,3.6,0,0.1,3.69,3.5,-0.0899999999999999,-0.19,0,2.78
"495","FN",4,3.42,2.97,0.1,0,3.32,2.97,-0.45,-0.35,2.92,0
"496","MM",8,3.6,3.52,0,0,3.6,3.52,-0.0800000000000001,-0.0800000000000001,0,0
"497","FN",10,3.7,3.68,0.1,0.2,3.6,3.48,-0.02,-0.12,2.7,5.43
"498","FN",3,2.88,3.32,0.1,0.1,2.78,3.22,0.44,0.44,3.47,3.01
"499","MM",7,3.35,3.3,0,0.1,3.35,3.2,-0.0500000000000003,-0.15,0,3.03
"500","MM",5,2.68,2.59,0.1,0.1,2.58,2.49,-0.0900000000000003,-0.0900000000000003,3.73,3.86
"501","FN",9,3.61,2.81,0,0,3.61,2.81,-0.8,-0.8,0,0
"502","FN",10,3.37,3.03,0.1,0.1,3.27,2.93,-0.34,-0.34,2.97,3.3
"503","FN",5,3.45,3.55,0.1,0,3.35,3.55,0.0999999999999996,0.2,2.9,0
"504","FN",3,2.91,2.99,0.1,0,2.81,2.99,0.0800000000000001,0.18,3.44,0
"505","FN",7,3.37,3.08,0,0.2,3.37,2.88,-0.29,-0.49,0,6.49
"506","FN",6,3.1,3.24,0.1,0.1,3,3.14,0.14,0.14,3.23,3.09
"507","FN",6,3.35,2.67,0,0.2,3.35,2.47,-0.68,-0.88,0,7.49
"508","FN",5,3.52,2.52,0.1,0,3.42,2.52,-1,-0.9,2.84,0
"509","MM",5,3.67,3.38,0.2,0.1,3.47,3.28,-0.29,-0.19,5.45,2.96
"510","FN",6,3.19,3.59,0.1,0.1,3.09,3.49,0.4,0.4,3.13,2.79
"511","FN",5,2.71,3.72,0.2,0.1,2.51,3.62,1.01,1.11,7.38,2.69
"512","FN",10,2.85,2.58,0,0.1,2.85,2.48,-0.27,-0.37,0,3.88
"513","MM",9,2.67,3.37,0,0,2.67,3.37,0.7,0.7,0,0
"514","FN",3,2.81,3,0.1,0.1,2.71,2.9,0.19,0.19,3.56,3.33
"515","MM",5,3.44,3.25,0.1,0.2,3.34,3.05,-0.19,-0.29,2.91,6.15
"516","FN",5,3.32,2.68,0,0.1,3.32,2.58,-0.64,-0.74,0,3.73
"517","FN",1,3.09,2.83,0,0.2,3.09,2.63,-0.26,-0.46,0,7.07
"518","MM",4,3.32,2.91,0,0.2,3.32,2.71,-0.41,-0.61,0,6.87
"519","FN",5,3.19,3.43,0.1,0,3.09,3.43,0.24,0.34,3.13,0
"520","MM",3,2.93,2.75,0.1,0.1,2.83,2.65,-0.18,-0.18,3.41,3.64
"521","FN",7,3.5,2.68,0.1,0.1,3.4,2.58,-0.82,-0.82,2.86,3.73
"522","FN",1,3.33,3.25,0.2,0.1,3.13,3.15,-0.0800000000000001,0.02,6.01,3.08
"523","FN",8,3.51,2.56,0,0.1,3.51,2.46,-0.95,-1.05,0,3.91
"524","FN",5,2.73,3.07,0.2,0.2,2.53,2.87,0.34,0.34,7.33,6.51
"525","FN",8,3.02,3.13,0,0,3.02,3.13,0.11,0.11,0,0
"526","MM",1,3.75,3.1,0,0.2,3.75,2.9,-0.65,-0.85,0,6.45
"527","MM",1,2.99,3.13,0,0.1,2.99,3.03,0.14,0.0399999999999996,0,3.19
"528","FN",5,2.6,3.46,0.2,0.1,2.4,3.36,0.86,0.96,7.69,2.89
"529","MM",7,3.19,3.79,0.1,0,3.09,3.79,0.6,0.7,3.13,0
"530","FN",3,3.73,3.59,0.1,0.2,3.63,3.39,-0.14,-0.24,2.68,5.57
"531","MM",9,3.61,2.65,0.1,0.1,3.51,2.55,-0.96,-0.96,2.77,3.77
"532","MM",7,3.21,3.62,0.1,0.1,3.11,3.52,0.41,0.41,3.12,2.76
"533","FN",9,3.36,3.24,0.1,0.1,3.26,3.14,-0.12,-0.12,2.98,3.09
"534","MM",5,3.15,3.39,0.2,0.2,2.95,3.19,0.24,0.24,6.35,5.9
"535","FN",5,3.7,3.53,0,0.2,3.7,3.33,-0.17,-0.370000000000001,0,5.67
"536","MM",3,2.62,3.02,0.1,0.2,2.52,2.82,0.4,0.3,3.82,6.62
"537","FN",4,3.15,3.61,0,0.1,3.15,3.51,0.46,0.36,0,2.77
"538","MM",3,3.52,2.75,0,0.1,3.52,2.65,-0.77,-0.87,0,3.64
"539","FN",9,3.63,3.14,0.1,0.2,3.53,2.94,-0.49,-0.59,2.75,6.37
"540","FN",5,3.67,2.66,0.1,0.1,3.57,2.56,-1.01,-1.01,2.72,3.76
"541","MM",1,3.55,2.8,0.1,0.1,3.45,2.7,-0.75,-0.75,2.82,3.57
"542","FN",8,2.7,3.68,0.1,0.1,2.6,3.58,0.98,0.98,3.7,2.72
"543","MM",4,3.45,3.12,0.1,0,3.35,3.12,-0.33,-0.23,2.9,0
"544","FN",6,3.49,3.2,0,0.1,3.49,3.1,-0.29,-0.39,0,3.12
"545","MM",7,3.36,3.77,0.2,0.1,3.16,3.67,0.41,0.51,5.95,2.65
"546","MM",3,3.68,3.76,0.1,0,3.58,3.76,0.0799999999999996,0.18,2.72,0
"547","FN",1,3.01,3.39,0,0.1,3.01,3.29,0.38,0.28,0,2.95
"548","MM",5,3.74,3.51,0.1,0,3.64,3.51,-0.23,-0.13,2.67,0
"549","MM",6,3.09,2.53,0.2,0.1,2.89,2.43,-0.56,-0.46,6.47,3.95
"550","FN",10,2.75,3.45,0,0.1,2.75,3.35,0.7,0.6,0,2.9
"551","FN",10,3.27,3.7,0.1,0.2,3.17,3.5,0.43,0.33,3.06,5.41
"552","FN",2,2.7,3.07,0.2,0.1,2.5,2.97,0.37,0.47,7.41,3.26
"553","MM",5,3.18,3.42,0,0.2,3.18,3.22,0.24,0.0399999999999996,0,5.85
"554","MM",5,3.04,3.56,0,0.1,3.04,3.46,0.52,0.42,0,2.81
"555","FN",5,3.58,3.13,0.1,0.1,3.48,3.03,-0.45,-0.45,2.79,3.19
"556","MM",4,3.23,3.6,0,0,3.23,3.6,0.37,0.37,0,0
"557","MM",7,3.09,3.14,0.1,0.1,2.99,3.04,0.0500000000000003,0.0500000000000003,3.24,3.18
"558","FN",4,2.75,2.52,0.1,0.2,2.65,2.32,-0.23,-0.33,3.64,7.94
"559","FN",5,3.11,3.07,0.1,0.1,3.01,2.97,-0.04,-0.04,3.22,3.26
"560","FN",10,2.8,3.12,0,0.1,2.8,3.02,0.32,0.22,0,3.21
"561","FN",8,2.91,3.28,0,0.1,2.91,3.18,0.37,0.27,0,3.05
"562","MM",4,3.63,3.08,0.1,0.2,3.53,2.88,-0.55,-0.65,2.75,6.49
"563","MM",8,3.08,2.9,0.1,0.1,2.98,2.8,-0.18,-0.18,3.25,3.45
"564","FN",3,3.06,3.37,0,0.1,3.06,3.27,0.31,0.21,0,2.97
"565","MM",6,3.11,3.29,0,0.2,3.11,3.09,0.18,-0.02,0,6.08
"566","MM",3,3.58,3.77,0.2,0,3.38,3.77,0.19,0.39,5.59,0
"567","FN",2,2.51,2.73,0.1,0.1,2.41,2.63,0.22,0.22,3.98,3.66
"568","MM",9,2.9,3.77,0.2,0,2.7,3.77,0.87,1.07,6.9,0
"569","FN",2,2.61,3.25,0.1,0,2.51,3.25,0.64,0.74,3.83,0
"570","MM",9,3.57,3.46,0.2,0.1,3.37,3.36,-0.11,-0.00999999999999979,5.6,2.89
"571","MM",3,3.11,3.63,0.1,0.2,3.01,3.43,0.52,0.42,3.22,5.51
"572","MM",1,3.19,3.34,0.2,0.2,2.99,3.14,0.15,0.15,6.27,5.99
"573","MM",8,3.01,3.4,0.2,0.1,2.81,3.3,0.39,0.49,6.64,2.94
"574","FN",4,3.09,3.79,0.1,0.1,2.99,3.69,0.7,0.7,3.24,2.64
"575","MM",1,2.65,3.6,0.1,0,2.55,3.6,0.95,1.05,3.77,0
"576","MM",8,2.54,3.5,0.2,0.2,2.34,3.3,0.96,0.96,7.87,5.71
"577","FN",1,2.53,2.68,0.1,0.2,2.43,2.48,0.15,0.0500000000000003,3.95,7.46
"578","FN",5,2.6,2.62,0.1,0.2,2.5,2.42,0.02,-0.0800000000000001,3.85,7.63
"579","MM",3,2.97,3.18,0.1,0.1,2.87,3.08,0.21,0.21,3.37,3.14
"580","FN",5,3.49,2.75,0,0.1,3.49,2.65,-0.74,-0.84,0,3.64
"581","MM",7,3.47,3.45,0,0.2,3.47,3.25,-0.02,-0.22,0,5.8
"582","MM",2,2.63,3.14,0.1,0.1,2.53,3.04,0.51,0.51,3.8,3.18
"583","MM",3,3.75,2.69,0.1,0.1,3.65,2.59,-1.06,-1.06,2.67,3.72
"584","FN",2,2.69,3.59,0.2,0.1,2.49,3.49,0.9,1,7.43,2.79
"585","MM",8,3.13,3.72,0.2,0.1,2.93,3.62,0.59,0.69,6.39,2.69
"586","FN",7,3.23,2.86,0.1,0.1,3.13,2.76,-0.37,-0.37,3.1,3.5
"587","FN",7,3.71,2.7,0.1,0.1,3.61,2.6,-1.01,-1.01,2.7,3.7
"588","MM",5,3.57,3.42,0.1,0.1,3.47,3.32,-0.15,-0.15,2.8,2.92
"589","MM",5,3.19,3.23,0.1,0.1,3.09,3.13,0.04,0.04,3.13,3.1
"590","MM",4,3,2.62,0.2,0.2,2.8,2.42,-0.38,-0.38,6.67,7.63
"591","FN",8,3.21,3.23,0.1,0.1,3.11,3.13,0.02,0.02,3.12,3.1
"592","FN",9,3.54,3.3,0,0.1,3.54,3.2,-0.24,-0.34,0,3.03
"593","MM",7,3.32,3.21,0.1,0.1,3.22,3.11,-0.11,-0.11,3.01,3.12
"594","FN",6,2.64,3.01,0.2,0.1,2.44,2.91,0.37,0.47,7.58,3.32
"595","FN",4,2.75,3.04,0.1,0.1,2.65,2.94,0.29,0.29,3.64,3.29
"596","MM",2,3.59,3.68,0,0.1,3.59,3.58,0.0900000000000003,-0.00999999999999979,0,2.72
"597","FN",6,3.12,3.38,0.1,0.1,3.02,3.28,0.26,0.26,3.21,2.96
"598","FN",3,3.51,3.74,0,0.1,3.51,3.64,0.23,0.13,0,2.67
"599","MM",8,3.56,2.7,0.1,0.1,3.46,2.6,-0.86,-0.86,2.81,3.7
"600","FN",4,2.89,3.23,0.1,0.1,2.79,3.13,0.34,0.34,3.46,3.1
"601","FN",7,2.79,2.63,0.1,0.1,2.69,2.53,-0.16,-0.16,3.58,3.8
"602","MM",2,3.31,3.31,0.2,0,3.11,3.31,0,0.2,6.04,0
"603","FN",3,2.99,2.83,0.1,0,2.89,2.83,-0.16,-0.0600000000000001,3.34,0
"604","FN",8,3.65,3.12,0,0,3.65,3.12,-0.53,-0.53,0,0
"605","FN",8,2.66,3.12,0.1,0,2.56,3.12,0.46,0.56,3.76,0
"606","MM",1,2.71,3.58,0,0.1,2.71,3.48,0.87,0.77,0,2.79
"607","FN",9,3.33,3.66,0.1,0.2,3.23,3.46,0.33,0.23,3,5.46
"608","MM",2,2.74,3.25,0.1,0.2,2.64,3.05,0.51,0.41,3.65,6.15
"609","FN",6,3.36,3.73,0,0.1,3.36,3.63,0.37,0.27,0,2.68
"610","FN",5,3.17,2.88,0,0.1,3.17,2.78,-0.29,-0.39,0,3.47
"611","MM",6,3.46,3.31,0.2,0.1,3.26,3.21,-0.15,-0.0499999999999998,5.78,3.02
"612","FN",8,2.94,3.31,0.1,0.1,2.84,3.21,0.37,0.37,3.4,3.02
"613","FN",5,2.64,3.34,0.2,0.1,2.44,3.24,0.7,0.8,7.58,2.99
"614","MM",10,3.02,2.81,0.1,0,2.92,2.81,-0.21,-0.11,3.31,0
"615","MM",10,3.21,3.02,0.2,0.2,3.01,2.82,-0.19,-0.19,6.23,6.62
"616","MM",5,3.46,2.72,0.2,0.2,3.26,2.52,-0.74,-0.74,5.78,7.35
"617","MM",6,2.72,3.17,0.1,0.1,2.62,3.07,0.45,0.45,3.68,3.15
"618","MM",4,3.26,3.26,0.1,0.1,3.16,3.16,0,0,3.07,3.07
"619","MM",5,3.15,2.6,0,0.1,3.15,2.5,-0.55,-0.65,0,3.85
"620","FN",3,3.72,3.45,0.2,0.2,3.52,3.25,-0.27,-0.27,5.38,5.8
"621","MM",1,3.68,3.3,0.1,0.1,3.58,3.2,-0.38,-0.38,2.72,3.03
"622","MM",1,2.7,3.37,0.1,0.1,2.6,3.27,0.67,0.67,3.7,2.97
"623","MM",2,2.9,2.88,0.2,0.1,2.7,2.78,-0.02,0.0800000000000001,6.9,3.47
"624","FN",8,3.41,2.97,0.2,0,3.21,2.97,-0.44,-0.24,5.87,0
"625","FN",5,3.49,3.32,0.2,0.1,3.29,3.22,-0.17,-0.0700000000000003,5.73,3.01
"626","FN",9,3.16,3.75,0.1,0.2,3.06,3.55,0.59,0.49,3.16,5.33
"627","FN",6,2.79,2.97,0,0.1,2.79,2.87,0.18,0.0800000000000001,0,3.37
"628","MM",3,2.72,2.76,0.2,0,2.52,2.76,0.0399999999999996,0.24,7.35,0
"629","FN",6,2.91,2.83,0,0.2,2.91,2.63,-0.0800000000000001,-0.28,0,7.07
"630","FN",9,2.56,3.13,0.2,0.1,2.36,3.03,0.57,0.67,7.81,3.19
"631","MM",8,3.37,3.04,0.1,0,3.27,3.04,-0.33,-0.23,2.97,0
"632","MM",6,3.47,2.93,0.1,0.2,3.37,2.73,-0.54,-0.64,2.88,6.83
"633","FN",5,2.82,2.96,0.1,0.1,2.72,2.86,0.14,0.14,3.55,3.38
"634","MM",7,3.11,3.39,0.1,0.1,3.01,3.29,0.28,0.28,3.22,2.95
"635","FN",9,2.56,3.62,0.2,0.1,2.36,3.52,1.06,1.16,7.81,2.76
"636","FN",9,2.63,3.11,0.2,0.1,2.43,3.01,0.48,0.58,7.6,3.22
"637","MM",3,3.67,3.26,0.2,0,3.47,3.26,-0.41,-0.21,5.45,0
"638","MM",3,3.3,3.15,0.1,0.2,3.2,2.95,-0.15,-0.25,3.03,6.35
"639","MM",2,3.33,3.37,0,0.2,3.33,3.17,0.04,-0.16,0,5.93
"640","FN",8,3.1,3.39,0.1,0,3,3.39,0.29,0.39,3.23,0
"641","MM",2,2.86,2.64,0,0.1,2.86,2.54,-0.22,-0.32,0,3.79
"642","MM",8,3.73,2.65,0,0.1,3.73,2.55,-1.08,-1.18,0,3.77
"643","MM",8,2.53,3.71,0,0,2.53,3.71,1.18,1.18,0,0
"644","FN",9,2.73,3.05,0.1,0.2,2.63,2.85,0.32,0.22,3.66,6.56
"645","FN",5,3.76,3.23,0.1,0.1,3.66,3.13,-0.53,-0.53,2.66,3.1
"646","MM",9,3.54,3.74,0,0.1,3.54,3.64,0.2,0.1,0,2.67
"647","MM",8,3.8,2.75,0.2,0,3.6,2.75,-1.05,-0.85,5.26,0
"648","FN",9,2.84,2.79,0.2,0.1,2.64,2.69,-0.0499999999999998,0.0500000000000003,7.04,3.58
"649","FN",5,3.26,3.31,0.1,0.2,3.16,3.11,0.0500000000000003,-0.0499999999999998,3.07,6.04
"650","MM",2,2.59,3.58,0.2,0,2.39,3.58,0.99,1.19,7.72,0
"651","MM",3,3.54,3.55,0,0.2,3.54,3.35,0.00999999999999979,-0.19,0,5.63
"652","MM",7,3.64,2.7,0,0.2,3.64,2.5,-0.94,-1.14,0,7.41
"653","FN",4,3.66,2.61,0.2,0.1,3.46,2.51,-1.05,-0.95,5.46,3.83
"654","MM",4,2.51,3.51,0.2,0.1,2.31,3.41,1,1.1,7.97,2.85
"655","MM",1,2.81,3.74,0.1,0.1,2.71,3.64,0.93,0.93,3.56,2.67
"656","MM",6,3.29,3.3,0.1,0,3.19,3.3,0.00999999999999979,0.11,3.04,0
"657","MM",2,2.97,3.07,0.2,0.1,2.77,2.97,0.0999999999999996,0.2,6.73,3.26
"658","FN",9,3.42,3.36,0,0.1,3.42,3.26,-0.0600000000000001,-0.16,0,2.98
"659","FN",2,2.55,3.63,0.1,0.2,2.45,3.43,1.08,0.98,3.92,5.51
"660","FN",8,3.35,3.15,0.1,0.1,3.25,3.05,-0.2,-0.2,2.99,3.17
"661","MM",9,2.8,3.19,0.2,0,2.6,3.19,0.39,0.59,7.14,0
"662","MM",1,2.85,3.5,0.1,0,2.75,3.5,0.65,0.75,3.51,0
"663","FN",3,3.45,2.98,0.1,0.1,3.35,2.88,-0.47,-0.47,2.9,3.36
"664","MM",7,2.73,3.72,0,0,2.73,3.72,0.99,0.99,0,0
"665","FN",8,3,2.54,0.1,0,2.9,2.54,-0.46,-0.36,3.33,0
"666","FN",5,3.39,2.94,0.1,0.1,3.29,2.84,-0.45,-0.45,2.95,3.4
"667","MM",9,3.04,2.68,0,0.1,3.04,2.58,-0.36,-0.46,0,3.73
"668","FN",5,3.2,2.94,0.2,0.1,3,2.84,-0.26,-0.16,6.25,3.4
"669","MM",5,3.09,3.13,0.1,0.1,2.99,3.03,0.04,0.04,3.24,3.19
"670","FN",4,2.67,3.48,0.1,0.1,2.57,3.38,0.81,0.81,3.75,2.87
"671","FN",7,2.54,3.53,0.1,0,2.44,3.53,0.99,1.09,3.94,0
"672","FN",6,2.72,3.04,0.1,0,2.62,3.04,0.32,0.42,3.68,0
"673","FN",1,3.54,2.54,0.1,0.2,3.44,2.34,-1,-1.1,2.82,7.87
"674","FN",8,2.69,3.72,0,0,2.69,3.72,1.03,1.03,0,0
"675","FN",3,2.6,3.69,0.1,0.1,2.5,3.59,1.09,1.09,3.85,2.71
"676","MM",7,2.54,3.3,0,0.2,2.54,3.1,0.76,0.56,0,6.06
"677","MM",6,3.04,3.69,0.1,0.2,2.94,3.49,0.65,0.55,3.29,5.42
"678","FN",7,3.61,3.31,0.1,0.1,3.51,3.21,-0.3,-0.3,2.77,3.02
"679","FN",7,2.93,2.66,0.1,0.2,2.83,2.46,-0.27,-0.37,3.41,7.52
"680","FN",4,3.08,2.69,0.1,0,2.98,2.69,-0.39,-0.29,3.25,0
"681","MM",3,3.04,3.39,0.1,0,2.94,3.39,0.35,0.45,3.29,0
"682","MM",6,2.96,3.7,0,0,2.96,3.7,0.74,0.74,0,0
"683","MM",10,3.71,2.7,0.1,0,3.61,2.7,-1.01,-0.91,2.7,0
"684","MM",4,3.71,3.65,0.1,0.1,3.61,3.55,-0.0600000000000001,-0.0600000000000001,2.7,2.74
"685","MM",4,2.86,3.09,0,0.1,2.86,2.99,0.23,0.13,0,3.24
"686","MM",1,3.45,2.56,0.2,0,3.25,2.56,-0.89,-0.69,5.8,0
"687","FN",6,2.78,3.57,0.2,0.1,2.58,3.47,0.79,0.89,7.19,2.8
"688","FN",6,3.72,3.76,0.2,0,3.52,3.76,0.0399999999999996,0.24,5.38,0
"689","FN",8,2.58,3.55,0.1,0.1,2.48,3.45,0.97,0.97,3.88,2.82
"690","FN",10,3.79,2.89,0.1,0.2,3.69,2.69,-0.9,-1,2.64,6.92
"691","FN",5,2.77,2.76,0.1,0.2,2.67,2.56,-0.0100000000000002,-0.11,3.61,7.25
"692","MM",2,2.91,2.76,0,0.1,2.91,2.66,-0.15,-0.25,0,3.62
"693","FN",3,2.66,2.95,0,0.1,2.66,2.85,0.29,0.19,0,3.39
"694","FN",9,3.26,2.79,0.1,0.1,3.16,2.69,-0.47,-0.47,3.07,3.58
"695","FN",9,3.36,2.71,0.1,0.1,3.26,2.61,-0.65,-0.65,2.98,3.69
"696","MM",9,3.8,2.62,0.1,0,3.7,2.62,-1.18,-1.08,2.63,0
"697","FN",10,2.75,3.32,0,0.1,2.75,3.22,0.57,0.47,0,3.01
"698","FN",7,3.56,3.52,0.1,0.1,3.46,3.42,-0.04,-0.04,2.81,2.84
"699","FN",5,3.31,2.58,0,0,3.31,2.58,-0.73,-0.73,0,0
"700","FN",3,3.78,2.61,0.1,0,3.68,2.61,-1.17,-1.07,2.65,0
"701","MM",7,3.07,2.51,0,0.1,3.07,2.41,-0.56,-0.66,0,3.98
"702","FN",2,3.44,2.68,0.2,0.1,3.24,2.58,-0.76,-0.66,5.81,3.73
"703","FN",5,2.6,3.71,0.2,0.2,2.4,3.51,1.11,1.11,7.69,5.39
"704","MM",9,3.32,2.71,0,0.1,3.32,2.61,-0.61,-0.71,0,3.69
"705","FN",9,2.78,3.79,0.1,0.1,2.68,3.69,1.01,1.01,3.6,2.64
"706","MM",7,3.69,3.42,0.1,0.2,3.59,3.22,-0.27,-0.37,2.71,5.85
"707","FN",2,3.56,2.92,0,0.2,3.56,2.72,-0.64,-0.84,0,6.85
"708","FN",6,3.61,2.93,0.1,0.1,3.51,2.83,-0.68,-0.68,2.77,3.41
"709","FN",10,3.56,3.51,0.2,0.2,3.36,3.31,-0.0500000000000003,-0.0500000000000003,5.62,5.7
"710","FN",7,3.04,3.15,0.2,0,2.84,3.15,0.11,0.31,6.58,0
"711","MM",3,3.77,3.15,0.1,0.2,3.67,2.95,-0.62,-0.72,2.65,6.35
"712","FN",2,3.15,2.85,0,0.1,3.15,2.75,-0.3,-0.4,0,3.51
"713","MM",2,3.15,3.71,0.2,0.1,2.95,3.61,0.56,0.66,6.35,2.7
"714","MM",9,2.95,3.38,0.1,0.2,2.85,3.18,0.43,0.33,3.39,5.92
"715","FN",4,2.59,3.42,0.1,0.1,2.49,3.32,0.83,0.83,3.86,2.92
"716","FN",10,3.68,2.87,0,0.1,3.68,2.77,-0.81,-0.91,0,3.48
"717","FN",6,2.79,3.25,0.1,0,2.69,3.25,0.46,0.56,3.58,0
"718","FN",6,2.89,3.74,0.1,0.1,2.79,3.64,0.85,0.85,3.46,2.67
"719","MM",10,3.36,2.55,0.1,0.2,3.26,2.35,-0.81,-0.91,2.98,7.84
"720","FN",2,3.24,3.16,0.2,0.1,3.04,3.06,-0.0800000000000001,0.02,6.17,3.16
"721","FN",8,3.76,3.62,0.1,0.1,3.66,3.52,-0.14,-0.14,2.66,2.76
"722","MM",4,2.64,2.86,0.1,0.1,2.54,2.76,0.22,0.22,3.79,3.5
"723","MM",6,3.21,2.97,0.2,0.1,3.01,2.87,-0.24,-0.14,6.23,3.37
"724","MM",4,3.69,3.69,0.1,0.1,3.59,3.59,0,0,2.71,2.71
"725","MM",2,3.63,2.6,0.2,0,3.43,2.6,-1.03,-0.83,5.51,0
"726","MM",8,3.68,3.17,0.2,0.1,3.48,3.07,-0.51,-0.41,5.43,3.15
"727","MM",3,3.51,3.05,0.1,0.2,3.41,2.85,-0.46,-0.56,2.85,6.56
"728","MM",7,2.72,2.71,0,0,2.72,2.71,-0.0100000000000002,-0.0100000000000002,0,0
"729","MM",5,2.66,3.08,0,0.1,2.66,2.98,0.42,0.32,0,3.25
"730","FN",3,2.65,2.72,0.2,0.2,2.45,2.52,0.0700000000000003,0.0700000000000003,7.55,7.35
"731","FN",10,3.06,3.61,0.1,0.1,2.96,3.51,0.55,0.55,3.27,2.77
"732","MM",5,3.51,3.39,0.2,0.1,3.31,3.29,-0.12,-0.0199999999999996,5.7,2.95
"733","MM",1,3.68,2.66,0.2,0.1,3.48,2.56,-1.02,-0.92,5.43,3.76
"734","MM",9,3.05,2.65,0.1,0.2,2.95,2.45,-0.4,-0.5,3.28,7.55
"735","FN",9,3.55,2.88,0.1,0.1,3.45,2.78,-0.67,-0.67,2.82,3.47
"736","FN",6,3.11,3.72,0.1,0.2,3.01,3.52,0.61,0.51,3.22,5.38
"737","MM",4,3.38,3.71,0.2,0.2,3.18,3.51,0.33,0.33,5.92,5.39
"738","MM",8,3.49,2.74,0.2,0.1,3.29,2.64,-0.75,-0.65,5.73,3.65
"739","FN",10,3.39,3.69,0.1,0,3.29,3.69,0.3,0.4,2.95,0
"740","FN",9,3.6,2.59,0.1,0.1,3.5,2.49,-1.01,-1.01,2.78,3.86
"741","MM",2,2.91,3.64,0.1,0.2,2.81,3.44,0.73,0.63,3.44,5.49
"742","FN",10,2.74,2.58,0.1,0.1,2.64,2.48,-0.16,-0.16,3.65,3.88
"743","FN",6,2.62,3.74,0,0,2.62,3.74,1.12,1.12,0,0
"744","MM",1,2.52,2.71,0.1,0.1,2.42,2.61,0.19,0.19,3.97,3.69
"745","FN",2,3.67,3.26,0.1,0.1,3.57,3.16,-0.41,-0.41,2.72,3.07
"746","FN",1,3.53,3.42,0.1,0,3.43,3.42,-0.11,-0.00999999999999979,2.83,0
"747","MM",8,2.6,2.86,0.2,0,2.4,2.86,0.26,0.46,7.69,0
"748","FN",8,2.63,2.53,0,0.1,2.63,2.43,-0.1,-0.2,0,3.95
"749","MM",9,2.73,3.42,0.1,0.1,2.63,3.32,0.69,0.69,3.66,2.92
"750","MM",4,3.19,2.91,0.1,0,3.09,2.91,-0.28,-0.18,3.13,0
"751","FN",10,3.46,3.61,0.1,0.2,3.36,3.41,0.15,0.0499999999999998,2.89,5.54
"752","FN",8,2.65,3.11,0.2,0.2,2.45,2.91,0.46,0.46,7.55,6.43
"753","FN",8,2.63,3.79,0.2,0.1,2.43,3.69,1.16,1.26,7.6,2.64
"754","FN",7,3.22,2.6,0.2,0,3.02,2.6,-0.62,-0.42,6.21,0
"755","MM",10,2.88,2.53,0.2,0.1,2.68,2.43,-0.35,-0.25,6.94,3.95
"756","FN",5,3.07,3.25,0.1,0.2,2.97,3.05,0.18,0.0800000000000001,3.26,6.15
"757","FN",9,2.65,3.29,0.2,0.1,2.45,3.19,0.64,0.74,7.55,3.04
"758","MM",5,3.7,2.51,0.1,0.1,3.6,2.41,-1.19,-1.19,2.7,3.98
"759","FN",5,3.45,3.47,0,0,3.45,3.47,0.02,0.02,0,0
"760","FN",9,3.1,2.56,0.1,0.1,3,2.46,-0.54,-0.54,3.23,3.91
"761","FN",7,3.37,3.12,0,0,3.37,3.12,-0.25,-0.25,0,0
"762","FN",1,2.88,3.72,0.1,0.2,2.78,3.52,0.84,0.74,3.47,5.38
"763","MM",2,3.36,2.58,0,0.1,3.36,2.48,-0.78,-0.88,0,3.88
"764","FN",5,2.99,3.74,0.1,0.2,2.89,3.54,0.75,0.65,3.34,5.35
"765","MM",5,3.37,3.5,0,0.1,3.37,3.4,0.13,0.0299999999999998,0,2.86
"766","FN",10,3.04,3.61,0,0.1,3.04,3.51,0.57,0.47,0,2.77
"767","FN",9,3.42,2.78,0.2,0.2,3.22,2.58,-0.64,-0.64,5.85,7.19
"768","FN",4,2.87,3.79,0.2,0.1,2.67,3.69,0.92,1.02,6.97,2.64
"769","MM",7,3.46,3.4,0.1,0.1,3.36,3.3,-0.0600000000000001,-0.0600000000000001,2.89,2.94
"770","MM",9,3.25,2.87,0.1,0.1,3.15,2.77,-0.38,-0.38,3.08,3.48
"771","MM",7,2.53,3.56,0.1,0.1,2.43,3.46,1.03,1.03,3.95,2.81
"772","MM",7,2.97,3.75,0.1,0.1,2.87,3.65,0.78,0.78,3.37,2.67
"773","MM",2,3.07,3.67,0.2,0.1,2.87,3.57,0.6,0.7,6.51,2.72
"774","MM",6,3.02,2.66,0.2,0.1,2.82,2.56,-0.36,-0.26,6.62,3.76
"775","FN",3,3.21,2.58,0.1,0.1,3.11,2.48,-0.63,-0.63,3.12,3.88
"776","FN",5,3.62,3.56,0,0.2,3.62,3.36,-0.0600000000000001,-0.26,0,5.62
"777","FN",3,3.5,3.62,0.1,0.2,3.4,3.42,0.12,0.02,2.86,5.52
"778","FN",3,2.59,2.56,0.1,0.2,2.49,2.36,-0.0299999999999998,-0.13,3.86,7.81
"779","MM",7,2.65,2.79,0.1,0,2.55,2.79,0.14,0.24,3.77,0
"780","MM",5,2.9,3.42,0.1,0.1,2.8,3.32,0.52,0.52,3.45,2.92
"781","FN",2,2.9,2.63,0.1,0.1,2.8,2.53,-0.27,-0.27,3.45,3.8
"782","MM",3,3.45,2.52,0.1,0,3.35,2.52,-0.93,-0.83,2.9,0
"783","FN",7,2.68,3.68,0,0.1,2.68,3.58,1,0.9,0,2.72
"784","MM",7,3.77,2.56,0.1,0.2,3.67,2.36,-1.21,-1.31,2.65,7.81
"785","MM",2,3.61,3.64,0.2,0,3.41,3.64,0.0300000000000002,0.23,5.54,0
"786","FN",2,3.26,2.66,0.1,0.1,3.16,2.56,-0.6,-0.6,3.07,3.76
"787","FN",10,3.67,3.03,0.1,0,3.57,3.03,-0.64,-0.54,2.72,0
"788","FN",4,2.51,2.8,0.2,0,2.31,2.8,0.29,0.49,7.97,0
"789","FN",7,3.52,3.51,0.1,0.1,3.42,3.41,-0.0100000000000002,-0.0100000000000002,2.84,2.85
"790","MM",9,3.68,3.25,0.1,0,3.58,3.25,-0.43,-0.33,2.72,0
"791","MM",3,2.64,2.75,0,0.1,2.64,2.65,0.11,0.00999999999999979,0,3.64
"792","FN",1,3.11,3.05,0.1,0.1,3.01,2.95,-0.0600000000000001,-0.0600000000000001,3.22,3.28
"793","FN",6,3.38,3.07,0.1,0.2,3.28,2.87,-0.31,-0.41,2.96,6.51
"794","FN",9,3.11,3.68,0.1,0,3.01,3.68,0.57,0.67,3.22,0
"795","MM",4,3.64,3.1,0.2,0.1,3.44,3,-0.54,-0.44,5.49,3.23
"796","FN",4,3.02,3.71,0,0.1,3.02,3.61,0.69,0.59,0,2.7
"797","FN",7,3.24,3.01,0.2,0.2,3.04,2.81,-0.23,-0.23,6.17,6.64
"798","FN",10,3.35,3.55,0.1,0,3.25,3.55,0.2,0.3,2.99,0
"799","FN",6,2.87,3.5,0.2,0,2.67,3.5,0.63,0.83,6.97,0
"800","FN",6,3.66,2.94,0.1,0.1,3.56,2.84,-0.72,-0.72,2.73,3.4
"801","FN",2,2.68,3.72,0.1,0,2.58,3.72,1.04,1.14,3.73,0
"802","FN",9,3.22,3.15,0.1,0.2,3.12,2.95,-0.0700000000000003,-0.17,3.11,6.35
"803","FN",3,2.83,2.92,0.1,0,2.73,2.92,0.0899999999999999,0.19,3.53,0
"804","FN",7,2.6,3.08,0,0.1,2.6,2.98,0.48,0.38,0,3.25
"805","FN",7,3.49,3.13,0.1,0.2,3.39,2.93,-0.36,-0.46,2.87,6.39
"806","MM",1,3.29,3.59,0.1,0.1,3.19,3.49,0.3,0.3,3.04,2.79
"807","FN",10,2.93,3.73,0.1,0.1,2.83,3.63,0.8,0.8,3.41,2.68
"808","FN",6,3.68,3.11,0,0.1,3.68,3.01,-0.57,-0.67,0,3.22
"809","MM",9,3.27,2.98,0.2,0.1,3.07,2.88,-0.29,-0.19,6.12,3.36
"810","MM",6,3.73,2.79,0.1,0.2,3.63,2.59,-0.94,-1.04,2.68,7.17
"811","FN",3,3.67,2.51,0.1,0.1,3.57,2.41,-1.16,-1.16,2.72,3.98
"812","MM",6,3,3.42,0,0.1,3,3.32,0.42,0.32,0,2.92
"813","FN",8,3.43,3.41,0,0.2,3.43,3.21,-0.02,-0.22,0,5.87
"814","MM",7,3.58,2.52,0,0,3.58,2.52,-1.06,-1.06,0,0
"815","MM",5,3.69,2.74,0,0.2,3.69,2.54,-0.95,-1.15,0,7.3
"816","FN",5,2.67,3.2,0.2,0.1,2.47,3.1,0.53,0.63,7.49,3.12
"817","FN",7,2.56,2.71,0.1,0,2.46,2.71,0.15,0.25,3.91,0
"818","FN",5,3.78,2.82,0.2,0,3.58,2.82,-0.96,-0.76,5.29,0
"819","MM",6,3.01,3.7,0.1,0,2.91,3.7,0.69,0.79,3.32,0
"820","MM",1,3.42,2.97,0,0,3.42,2.97,-0.45,-0.45,0,0
"821","MM",10,3.18,3.79,0,0.2,3.18,3.59,0.61,0.41,0,5.28
"822","FN",5,3,3.44,0.1,0.1,2.9,3.34,0.44,0.44,3.33,2.91
"823","MM",2,3.43,2.69,0,0.1,3.43,2.59,-0.74,-0.84,0,3.72
"824","MM",9,3.64,3.27,0.2,0.2,3.44,3.07,-0.37,-0.37,5.49,6.12
"825","MM",6,2.66,3.6,0.1,0.1,2.56,3.5,0.94,0.94,3.76,2.78
"826","FN",9,2.98,3.45,0.1,0.1,2.88,3.35,0.47,0.47,3.36,2.9
"827","FN",1,3.53,3.1,0.2,0.1,3.33,3,-0.43,-0.33,5.67,3.23
"828","FN",9,2.78,3.16,0,0.1,2.78,3.06,0.38,0.28,0,3.16
"829","FN",8,3.31,3.22,0,0,3.31,3.22,-0.0899999999999999,-0.0899999999999999,0,0
"830","MM",8,2.99,2.76,0.1,0.1,2.89,2.66,-0.23,-0.23,3.34,3.62
"831","FN",9,3.29,3.66,0,0.1,3.29,3.56,0.37,0.27,0,2.73
"832","MM",6,3.23,2.7,0.1,0.1,3.13,2.6,-0.53,-0.53,3.1,3.7
"833","FN",9,3.4,3.26,0,0.1,3.4,3.16,-0.14,-0.24,0,3.07
"834","MM",3,3.56,3.13,0,0.1,3.56,3.03,-0.43,-0.53,0,3.19
"835","MM",1,3.09,2.76,0.1,0.1,2.99,2.66,-0.33,-0.33,3.24,3.62
"836","MM",4,2.98,3.77,0,0.1,2.98,3.67,0.79,0.69,0,2.65
"837","MM",7,3.57,2.91,0.1,0,3.47,2.91,-0.66,-0.56,2.8,0
"838","MM",4,3.17,2.56,0.1,0,3.07,2.56,-0.61,-0.51,3.15,0
"839","FN",10,3.46,3.48,0.1,0.2,3.36,3.28,0.02,-0.0800000000000001,2.89,5.75
"840","FN",8,3.6,3.24,0.1,0.1,3.5,3.14,-0.36,-0.36,2.78,3.09
"841","MM",4,3.07,2.51,0,0.2,3.07,2.31,-0.56,-0.76,0,7.97
"842","MM",5,3.03,2.89,0.1,0.2,2.93,2.69,-0.14,-0.24,3.3,6.92
"843","MM",5,3.61,3.62,0.1,0,3.51,3.62,0.0100000000000002,0.11,2.77,0
"844","FN",8,3.45,2.8,0,0.1,3.45,2.7,-0.65,-0.75,0,3.57
"845","MM",5,3.3,2.58,0.1,0.1,3.2,2.48,-0.72,-0.72,3.03,3.88
"846","FN",1,3.41,3.42,0.1,0.1,3.31,3.32,0.00999999999999979,0.00999999999999979,2.93,2.92
"847","MM",7,3.47,3.16,0.1,0.2,3.37,2.96,-0.31,-0.41,2.88,6.33
"848","FN",3,2.84,3.03,0.1,0.2,2.74,2.83,0.19,0.0899999999999999,3.52,6.6
"849","FN",8,2.86,3.05,0.2,0.2,2.66,2.85,0.19,0.19,6.99,6.56
"850","FN",4,2.76,3.69,0.1,0.2,2.66,3.49,0.93,0.83,3.62,5.42
"851","FN",9,3.73,3.67,0,0.1,3.73,3.57,-0.0600000000000001,-0.16,0,2.72
"852","MM",9,2.85,2.78,0.1,0,2.75,2.78,-0.0700000000000003,0.0299999999999998,3.51,0
"853","MM",5,3.15,3.25,0.1,0,3.05,3.25,0.1,0.2,3.17,0
"854","MM",2,2.55,2.55,0,0.1,2.55,2.45,0,-0.1,0,3.92
"855","FN",6,3.54,3.2,0,0.1,3.54,3.1,-0.34,-0.44,0,3.12
"856","FN",6,3.03,2.65,0,0.1,3.03,2.55,-0.38,-0.48,0,3.77
"857","MM",10,3.1,3.48,0,0,3.1,3.48,0.38,0.38,0,0
"858","FN",4,3.71,2.64,0.1,0,3.61,2.64,-1.07,-0.97,2.7,0
"859","FN",7,3.01,2.77,0.1,0,2.91,2.77,-0.24,-0.14,3.32,0
"860","MM",9,3.47,3.5,0.1,0.2,3.37,3.3,0.0299999999999998,-0.0700000000000003,2.88,5.71
"861","FN",6,3.52,3.05,0,0.2,3.52,2.85,-0.47,-0.67,0,6.56
"862","FN",7,2.77,3.21,0.2,0.1,2.57,3.11,0.44,0.54,7.22,3.12
"863","MM",2,2.57,3.64,0.2,0,2.37,3.64,1.07,1.27,7.78,0
"864","FN",9,2.93,3.45,0,0.1,2.93,3.35,0.52,0.42,0,2.9
"865","MM",6,3.39,3.48,0.1,0,3.29,3.48,0.0899999999999999,0.19,2.95,0
"866","FN",3,3.5,3.28,0.2,0.1,3.3,3.18,-0.22,-0.12,5.71,3.05
"867","FN",5,3.35,2.63,0.1,0.1,3.25,2.53,-0.72,-0.72,2.99,3.8
"868","FN",9,3.71,3.57,0,0.2,3.71,3.37,-0.14,-0.34,0,5.6
"869","FN",5,2.5,3.46,0.1,0.1,2.4,3.36,0.96,0.96,4,2.89
"870","FN",7,2.99,3.65,0.1,0.1,2.89,3.55,0.66,0.66,3.34,2.74
"871","FN",4,3.34,2.61,0.2,0,3.14,2.61,-0.73,-0.53,5.99,0
"872","FN",8,2.63,3.58,0.1,0.1,2.53,3.48,0.95,0.95,3.8,2.79
"873","MM",3,2.52,2.86,0.1,0.1,2.42,2.76,0.34,0.34,3.97,3.5
"874","FN",4,2.69,2.93,0,0.2,2.69,2.73,0.24,0.04,0,6.83
"875","MM",3,3.47,3.65,0.1,0,3.37,3.65,0.18,0.28,2.88,0
"876","MM",9,3.61,2.75,0.1,0.1,3.51,2.65,-0.86,-0.86,2.77,3.64
"877","FN",5,2.92,2.52,0,0.1,2.92,2.42,-0.4,-0.5,0,3.97
"878","MM",2,2.85,3.42,0.1,0.1,2.75,3.32,0.57,0.57,3.51,2.92
"879","MM",9,2.82,2.55,0,0.1,2.82,2.45,-0.27,-0.37,0,3.92
"880","MM",4,3.74,3.57,0.1,0.1,3.64,3.47,-0.17,-0.17,2.67,2.8
"881","FN",9,3.15,3.67,0,0.2,3.15,3.47,0.52,0.32,0,5.45
"882","MM",2,3.4,2.72,0.1,0,3.3,2.72,-0.68,-0.58,2.94,0
"883","MM",4,3.69,2.77,0.2,0.1,3.49,2.67,-0.92,-0.82,5.42,3.61
"884","FN",3,3.29,3.53,0.1,0,3.19,3.53,0.24,0.34,3.04,0
"885","MM",1,2.84,3.66,0.1,0.1,2.74,3.56,0.82,0.82,3.52,2.73
"886","MM",8,3.69,2.82,0.1,0.2,3.59,2.62,-0.87,-0.97,2.71,7.09
"887","FN",3,3.43,3.06,0,0.2,3.43,2.86,-0.37,-0.57,0,6.54
"888","FN",5,2.56,3.02,0,0.1,2.56,2.92,0.46,0.36,0,3.31
"889","FN",4,3.32,3.37,0.2,0.1,3.12,3.27,0.0500000000000003,0.15,6.02,2.97
"890","FN",6,3.61,2.9,0.2,0.2,3.41,2.7,-0.71,-0.71,5.54,6.9
"891","MM",6,2.65,3.53,0.2,0.1,2.45,3.43,0.88,0.98,7.55,2.83
"892","MM",10,3.74,2.94,0.1,0.2,3.64,2.74,-0.8,-0.9,2.67,6.8
"893","MM",3,2.55,2.83,0,0.1,2.55,2.73,0.28,0.18,0,3.53
"894","FN",8,2.72,2.51,0.1,0.1,2.62,2.41,-0.21,-0.21,3.68,3.98
"895","MM",10,2.53,2.99,0.1,0.1,2.43,2.89,0.46,0.46,3.95,3.34
"896","MM",6,3.01,3.28,0.1,0.1,2.91,3.18,0.27,0.27,3.32,3.05
"897","FN",5,3.42,2.94,0.1,0.2,3.32,2.74,-0.48,-0.58,2.92,6.8
"898","FN",8,3.35,2.73,0,0.2,3.35,2.53,-0.62,-0.82,0,7.33
"899","FN",2,3.13,3.8,0.1,0.1,3.03,3.7,0.67,0.67,3.19,2.63
"900","MM",6,2.6,2.85,0,0.1,2.6,2.75,0.25,0.15,0,3.51
"901","MM",5,3.76,3.22,0.1,0.1,3.66,3.12,-0.54,-0.54,2.66,3.11
"902","FN",3,3.23,2.68,0.2,0.1,3.03,2.58,-0.55,-0.45,6.19,3.73
"903","MM",2,3.43,3.39,0.2,0.2,3.23,3.19,-0.04,-0.04,5.83,5.9
"904","MM",9,2.87,3.09,0.2,0.1,2.67,2.99,0.22,0.32,6.97,3.24
"905","MM",6,3.54,2.98,0.1,0.1,3.44,2.88,-0.56,-0.56,2.82,3.36
"906","FN",6,3.32,3,0.1,0.2,3.22,2.8,-0.32,-0.42,3.01,6.67
"907","MM",6,3.68,3.03,0.1,0.2,3.58,2.83,-0.65,-0.75,2.72,6.6
"908","MM",8,3.01,3.58,0.2,0.1,2.81,3.48,0.57,0.67,6.64,2.79
"909","MM",7,2.9,3.69,0.1,0.1,2.8,3.59,0.79,0.79,3.45,2.71
"910","FN",7,3.45,3.49,0.1,0.1,3.35,3.39,0.04,0.04,2.9,2.87
"911","FN",1,3.4,2.98,0.1,0.2,3.3,2.78,-0.42,-0.52,2.94,6.71
"912","FN",6,3.07,3.4,0.1,0.1,2.97,3.3,0.33,0.33,3.26,2.94
"913","MM",6,3.55,3.16,0.1,0.1,3.45,3.06,-0.39,-0.39,2.82,3.16
"914","MM",7,2.9,2.53,0.1,0.1,2.8,2.43,-0.37,-0.37,3.45,3.95
"915","FN",7,3.69,3.34,0.1,0,3.59,3.34,-0.35,-0.25,2.71,0
"916","MM",2,3.32,3.31,0.1,0.1,3.22,3.21,-0.00999999999999979,-0.00999999999999979,3.01,3.02
"917","MM",2,3.51,2.93,0.1,0.2,3.41,2.73,-0.58,-0.68,2.85,6.83
"918","FN",7,3.43,2.53,0.1,0,3.33,2.53,-0.9,-0.8,2.92,0
"919","FN",8,3.36,3.77,0,0.2,3.36,3.57,0.41,0.21,0,5.31
"920","FN",2,3.41,3.79,0.1,0.1,3.31,3.69,0.38,0.38,2.93,2.64
"921","MM",8,2.75,2.6,0.1,0.1,2.65,2.5,-0.15,-0.15,3.64,3.85
"922","FN",5,3.28,3.2,0,0.1,3.28,3.1,-0.0799999999999996,-0.18,0,3.12
"923","FN",10,3.5,3.77,0.1,0.1,3.4,3.67,0.27,0.27,2.86,2.65
"924","MM",5,2.81,2.64,0,0.1,2.81,2.54,-0.17,-0.27,0,3.79
"925","MM",6,3.4,2.97,0,0.1,3.4,2.87,-0.43,-0.53,0,3.37
"926","MM",4,2.62,3.15,0.2,0.1,2.42,3.05,0.53,0.63,7.63,3.17
"927","FN",6,3.46,3.69,0.1,0.2,3.36,3.49,0.23,0.13,2.89,5.42
"928","MM",2,3.73,3.24,0,0.2,3.73,3.04,-0.49,-0.69,0,6.17
"929","FN",6,3.36,2.53,0.1,0,3.26,2.53,-0.83,-0.73,2.98,0
"930","MM",10,3.37,3.61,0.2,0.1,3.17,3.51,0.24,0.34,5.93,2.77
"931","MM",6,3.05,3.58,0.1,0,2.95,3.58,0.53,0.63,3.28,0
"932","FN",5,2.68,3.64,0.1,0.1,2.58,3.54,0.96,0.96,3.73,2.75
"933","MM",1,3.11,3.55,0.2,0,2.91,3.55,0.44,0.64,6.43,0
"934","MM",1,2.62,2.5,0.2,0,2.42,2.5,-0.12,0.0800000000000001,7.63,0
"935","MM",1,3.48,2.63,0.2,0.2,3.28,2.43,-0.85,-0.85,5.75,7.6
"936","FN",2,2.98,3.59,0.1,0.2,2.88,3.39,0.61,0.51,3.36,5.57
"937","FN",5,3.24,2.79,0.2,0.1,3.04,2.69,-0.45,-0.35,6.17,3.58
"938","MM",8,3,2.54,0,0.1,3,2.44,-0.46,-0.56,0,3.94
"939","MM",4,2.76,3.25,0.1,0.1,2.66,3.15,0.49,0.49,3.62,3.08
"940","FN",8,3.2,3.48,0.1,0.1,3.1,3.38,0.28,0.28,3.12,2.87
"941","MM",6,3,3.64,0,0.2,3,3.44,0.64,0.44,0,5.49
"942","FN",4,3.62,2.58,0,0.1,3.62,2.48,-1.04,-1.14,0,3.88
"943","FN",1,2.62,2.79,0.1,0.1,2.52,2.69,0.17,0.17,3.82,3.58
"944","FN",7,2.58,3.04,0,0.1,2.58,2.94,0.46,0.36,0,3.29
"945","FN",2,2.72,3.03,0.2,0.2,2.52,2.83,0.31,0.31,7.35,6.6
"946","FN",9,3.72,3.25,0.1,0.1,3.62,3.15,-0.47,-0.47,2.69,3.08
"947","FN",2,3.08,3.72,0.1,0,2.98,3.72,0.64,0.74,3.25,0
"948","FN",7,3.38,3.78,0.1,0,3.28,3.78,0.4,0.5,2.96,0
"949","FN",9,2.55,2.67,0,0.2,2.55,2.47,0.12,-0.0800000000000001,0,7.49
"950","FN",3,3.11,2.86,0.2,0.2,2.91,2.66,-0.25,-0.25,6.43,6.99
"951","MM",2,2.56,3.58,0.1,0.1,2.46,3.48,1.02,1.02,3.91,2.79
"952","FN",8,3.31,3.79,0,0,3.31,3.79,0.48,0.48,0,0
"953","MM",3,3.62,3.38,0.1,0.1,3.52,3.28,-0.24,-0.24,2.76,2.96
"954","FN",3,2.75,2.6,0.1,0,2.65,2.6,-0.15,-0.0499999999999998,3.64,0
"955","FN",6,2.87,2.67,0.1,0.1,2.77,2.57,-0.2,-0.2,3.48,3.75
"956","MM",5,3.62,2.94,0.1,0.2,3.52,2.74,-0.68,-0.78,2.76,6.8
"957","MM",4,2.54,2.83,0.1,0.2,2.44,2.63,0.29,0.19,3.94,7.07
"958","FN",8,3.52,2.83,0.1,0.2,3.42,2.63,-0.69,-0.79,2.84,7.07
"959","FN",6,3.09,3.52,0.2,0.2,2.89,3.32,0.43,0.43,6.47,5.68
"960","FN",2,2.6,2.73,0,0.1,2.6,2.63,0.13,0.0299999999999998,0,3.66
"961","FN",10,3.68,3.28,0.2,0,3.48,3.28,-0.4,-0.2,5.43,0
"962","FN",3,2.75,3.4,0.2,0.1,2.55,3.3,0.65,0.75,7.27,2.94
"963","MM",2,3.47,3.7,0.1,0.2,3.37,3.5,0.23,0.13,2.88,5.41
"964","FN",3,3.06,3.4,0.1,0.1,2.96,3.3,0.34,0.34,3.27,2.94
"965","MM",4,3.37,2.86,0.1,0.2,3.27,2.66,-0.51,-0.61,2.97,6.99
"966","MM",4,2.74,2.51,0.1,0.1,2.64,2.41,-0.23,-0.23,3.65,3.98
"967","FN",4,3.65,2.56,0,0.1,3.65,2.46,-1.09,-1.19,0,3.91
"968","FN",1,2.56,2.72,0.1,0.2,2.46,2.52,0.16,0.0600000000000001,3.91,7.35
"969","MM",9,2.79,3.61,0,0.1,2.79,3.51,0.82,0.72,0,2.77
"970","FN",6,2.84,2.56,0,0.2,2.84,2.36,-0.28,-0.48,0,7.81
"971","MM",3,3.5,2.85,0.2,0.1,3.3,2.75,-0.65,-0.55,5.71,3.51
"972","FN",9,3,3.66,0.1,0.2,2.9,3.46,0.66,0.56,3.33,5.46
"973","MM",5,2.86,3.21,0.2,0.1,2.66,3.11,0.35,0.45,6.99,3.12
"974","FN",6,2.6,3.55,0.2,0,2.4,3.55,0.95,1.15,7.69,0
"975","FN",8,3.15,3.74,0.1,0.2,3.05,3.54,0.59,0.49,3.17,5.35
"976","MM",7,3.09,3.4,0.2,0,2.89,3.4,0.31,0.51,6.47,0
"977","MM",2,3.78,3.02,0,0.1,3.78,2.92,-0.76,-0.86,0,3.31
"978","FN",4,2.68,3.76,0.2,0.1,2.48,3.66,1.08,1.18,7.46,2.66
"979","FN",10,3.58,3.72,0,0.1,3.58,3.62,0.14,0.04,0,2.69
"980","FN",3,2.54,3.17,0,0.1,2.54,3.07,0.63,0.53,0,3.15
"981","FN",8,3.51,2.68,0.2,0.2,3.31,2.48,-0.83,-0.83,5.7,7.46
"982","MM",5,2.8,3.31,0,0,2.8,3.31,0.51,0.51,0,0
"983","MM",2,2.67,3.57,0.1,0,2.57,3.57,0.9,1,3.75,0
"984","MM",3,2.75,2.68,0.1,0.1,2.65,2.58,-0.0699999999999998,-0.0699999999999998,3.64,3.73
"985","MM",7,2.78,3.28,0.1,0.1,2.68,3.18,0.5,0.5,3.6,3.05
"986","MM",2,3.71,3.78,0.1,0.2,3.61,3.58,0.0699999999999998,-0.0300000000000002,2.7,5.29
"987","FN",5,3.79,2.8,0.2,0.1,3.59,2.7,-0.99,-0.89,5.28,3.57
"988","FN",5,2.9,3.04,0.1,0,2.8,3.04,0.14,0.24,3.45,0
"989","FN",7,2.68,2.63,0,0,2.68,2.63,-0.0500000000000003,-0.0500000000000003,0,0
"990","FN",3,3.36,2.86,0.1,0,3.26,2.86,-0.5,-0.4,2.98,0
"991","FN",5,3.26,3.19,0.2,0.2,3.06,2.99,-0.0699999999999998,-0.0699999999999998,6.13,6.27
"992","FN",2,2.95,2.91,0,0,2.95,2.91,-0.04,-0.04,0,0
"993","MM",9,3.56,3.28,0.2,0.1,3.36,3.18,-0.28,-0.18,5.62,3.05
"994","FN",2,2.87,3.78,0.1,0.1,2.77,3.68,0.91,0.91,3.48,2.65
"995","MM",2,3.6,3.29,0.1,0.1,3.5,3.19,-0.31,-0.31,2.78,3.04
"996","MM",9,2.68,2.69,0,0.2,2.68,2.49,0.00999999999999979,-0.19,0,7.43
"997","MM",4,3.62,3.42,0.2,0.2,3.42,3.22,-0.2,-0.2,5.52,5.85
"998","FN",8,2.59,3.38,0,0.2,2.59,3.18,0.79,0.59,0,5.92
"999","MM",5,3.07,2.92,0.1,0.2,2.97,2.72,-0.15,-0.25,3.26,6.85
"1000","FN",5,3.38,3.05,0,0.2,3.38,2.85,-0.33,-0.53,0,6.56
